--------------------------------------------------------
--  File created - Tuesday-December-14-2021   
--------------------------------------------------------
--------------------------------------------------------
--  DDL for View CITY_WISE_ACTIVE_CASE
--------------------------------------------------------

  CREATE OR REPLACE FORCE EDITIONABLE VIEW "ADMIN"."CITY_WISE_ACTIVE_CASE" ("DISEASE_NAME", "CITY", "TOTAL_CASES") DEFAULT COLLATION "USING_NLS_COMP"  AS 
  SELECT DISEASE_NAME AS DISEASE_NAME, CITY AS CITY, SUM(CASES) AS TOTAL_CASES FROM zip_wise_active_case
GROUP BY DISEASE_NAME, CITY
;
--------------------------------------------------------
--  DDL for View CITY_WISE_PATIENT
--------------------------------------------------------

  CREATE OR REPLACE FORCE EDITIONABLE VIEW "ADMIN"."CITY_WISE_PATIENT" ("CITY", "VACCINE_NAME", "VACCINATED_PEOPLE") DEFAULT COLLATION "USING_NLS_COMP"  AS 
  select z.city,v.vaccine_name, count(1) vaccinated_people from patient_details pd, zipcode z, vaccine_patient vp, vaccine v 
where vp.patient_id = pd.patient_id 
and v.vaccine_id = vp.vaccine_id
and pd.zip_id = z.zip_id 
group by z.city, v.vaccine_name
order by z.city, v.vaccine_name
;
--------------------------------------------------------
--  DDL for View DISEASE_ACTIVE_CASES
--------------------------------------------------------

  CREATE OR REPLACE FORCE EDITIONABLE VIEW "ADMIN"."DISEASE_ACTIVE_CASES" ("DISEASE_NAME", "CASES") DEFAULT COLLATION "USING_NLS_COMP"  AS 
  SELECT d.disease_name AS disease_name, COUNT(*) AS CASES FROM DISEASES D, disease_patient DP
WHERE D.DISEASE_ID = dp.disease_id
GROUP BY d.disease_name
;
--------------------------------------------------------
--  DDL for View TOP_3_HEALTIEST_CITIES
--------------------------------------------------------

  CREATE OR REPLACE FORCE EDITIONABLE VIEW "ADMIN"."TOP_3_HEALTIEST_CITIES" ("CITY") DEFAULT COLLATION "USING_NLS_COMP"  AS 
  select city from
(select city, sum(total_cases) as total_cases from city_wise_active_case
group by city order by total_cases) 
where rownum < 4
;
--------------------------------------------------------
--  DDL for View ZIP_WISE_ACTIVE_CASE
--------------------------------------------------------

  CREATE OR REPLACE FORCE EDITIONABLE VIEW "ADMIN"."ZIP_WISE_ACTIVE_CASE" ("DISEASE_NAME", "ZIP_ID", "CITY", "COUNTY", "COUNTRY", "CASES") DEFAULT COLLATION "USING_NLS_COMP"  AS 
  SELECT d.disease_name AS disease_name, z.zip_id AS ZIP_ID, z.city AS CITY, z.county AS COUNTY, c.country_name AS COUNTRY ,COUNT(*) AS CASES FROM DISEASES D, disease_patient DP, patient_details pd, zipcode z, country C
WHERE D.DISEASE_ID = dp.disease_id
AND dp.patient_id = pd.patient_id
AND pd.zip_id = z.zip_id
AND z.country_code = c.country_code
GROUP BY d.disease_name, Z.zip_id, z.city, z.county, c.country_name
ORDER BY d.disease_name, z.zip_id
;
REM INSERTING into ADMIN.CITY_WISE_ACTIVE_CASE
SET DEFINE OFF;
Insert into ADMIN.CITY_WISE_ACTIVE_CASE (DISEASE_NAME,CITY,TOTAL_CASES) values ('ALS','Boston',3);
Insert into ADMIN.CITY_WISE_ACTIVE_CASE (DISEASE_NAME,CITY,TOTAL_CASES) values ('Dengue','Austin',6);
Insert into ADMIN.CITY_WISE_ACTIVE_CASE (DISEASE_NAME,CITY,TOTAL_CASES) values ('Tuberculosis','Boston',1);
Insert into ADMIN.CITY_WISE_ACTIVE_CASE (DISEASE_NAME,CITY,TOTAL_CASES) values ('Hemophilia','Austin',4);
Insert into ADMIN.CITY_WISE_ACTIVE_CASE (DISEASE_NAME,CITY,TOTAL_CASES) values ('Migraine','Boston',4);
Insert into ADMIN.CITY_WISE_ACTIVE_CASE (DISEASE_NAME,CITY,TOTAL_CASES) values ('Dengue','Charlotte',3);
Insert into ADMIN.CITY_WISE_ACTIVE_CASE (DISEASE_NAME,CITY,TOTAL_CASES) values ('Dengue','Boston',2);
Insert into ADMIN.CITY_WISE_ACTIVE_CASE (DISEASE_NAME,CITY,TOTAL_CASES) values ('High blood Pressure','Boston',4);
Insert into ADMIN.CITY_WISE_ACTIVE_CASE (DISEASE_NAME,CITY,TOTAL_CASES) values ('COPD','Seattle',2);
Insert into ADMIN.CITY_WISE_ACTIVE_CASE (DISEASE_NAME,CITY,TOTAL_CASES) values ('Heart attack','Austin',5);
Insert into ADMIN.CITY_WISE_ACTIVE_CASE (DISEASE_NAME,CITY,TOTAL_CASES) values ('Migraine','New york',14);
Insert into ADMIN.CITY_WISE_ACTIVE_CASE (DISEASE_NAME,CITY,TOTAL_CASES) values ('COPD','Charlotte',3);
Insert into ADMIN.CITY_WISE_ACTIVE_CASE (DISEASE_NAME,CITY,TOTAL_CASES) values ('Rheumatoid Arthritis','Austin',5);
Insert into ADMIN.CITY_WISE_ACTIVE_CASE (DISEASE_NAME,CITY,TOTAL_CASES) values ('Osteoporosis','Austin',10);
Insert into ADMIN.CITY_WISE_ACTIVE_CASE (DISEASE_NAME,CITY,TOTAL_CASES) values ('Migraine','Charlotte',4);
Insert into ADMIN.CITY_WISE_ACTIVE_CASE (DISEASE_NAME,CITY,TOTAL_CASES) values ('Osteoporosis','New york',10);
Insert into ADMIN.CITY_WISE_ACTIVE_CASE (DISEASE_NAME,CITY,TOTAL_CASES) values ('Diabetes','Seattle',5);
Insert into ADMIN.CITY_WISE_ACTIVE_CASE (DISEASE_NAME,CITY,TOTAL_CASES) values ('Alzheimers','Austin',4);
Insert into ADMIN.CITY_WISE_ACTIVE_CASE (DISEASE_NAME,CITY,TOTAL_CASES) values ('Stroke','New york',4);
Insert into ADMIN.CITY_WISE_ACTIVE_CASE (DISEASE_NAME,CITY,TOTAL_CASES) values ('High blood Pressure','Seattle',2);
Insert into ADMIN.CITY_WISE_ACTIVE_CASE (DISEASE_NAME,CITY,TOTAL_CASES) values ('Cancer','Boston',1);
Insert into ADMIN.CITY_WISE_ACTIVE_CASE (DISEASE_NAME,CITY,TOTAL_CASES) values ('Asthma','Austin',4);
Insert into ADMIN.CITY_WISE_ACTIVE_CASE (DISEASE_NAME,CITY,TOTAL_CASES) values ('High blood Pressure','New york',5);
Insert into ADMIN.CITY_WISE_ACTIVE_CASE (DISEASE_NAME,CITY,TOTAL_CASES) values ('Rheumatoid Arthritis','New york',7);
Insert into ADMIN.CITY_WISE_ACTIVE_CASE (DISEASE_NAME,CITY,TOTAL_CASES) values ('Migraine','Austin',7);
Insert into ADMIN.CITY_WISE_ACTIVE_CASE (DISEASE_NAME,CITY,TOTAL_CASES) values ('Stroke','Austin',5);
Insert into ADMIN.CITY_WISE_ACTIVE_CASE (DISEASE_NAME,CITY,TOTAL_CASES) values ('Osteoporosis','Seattle',2);
Insert into ADMIN.CITY_WISE_ACTIVE_CASE (DISEASE_NAME,CITY,TOTAL_CASES) values ('Heart attack','Seattle',4);
Insert into ADMIN.CITY_WISE_ACTIVE_CASE (DISEASE_NAME,CITY,TOTAL_CASES) values ('Common Flu','Seattle',7);
Insert into ADMIN.CITY_WISE_ACTIVE_CASE (DISEASE_NAME,CITY,TOTAL_CASES) values ('Asthma','Boston',2);
Insert into ADMIN.CITY_WISE_ACTIVE_CASE (DISEASE_NAME,CITY,TOTAL_CASES) values ('Migraine','Seattle',2);
Insert into ADMIN.CITY_WISE_ACTIVE_CASE (DISEASE_NAME,CITY,TOTAL_CASES) values ('Heart attack','Boston',2);
Insert into ADMIN.CITY_WISE_ACTIVE_CASE (DISEASE_NAME,CITY,TOTAL_CASES) values ('Rheumatoid Arthritis','Charlotte',2);
Insert into ADMIN.CITY_WISE_ACTIVE_CASE (DISEASE_NAME,CITY,TOTAL_CASES) values ('Diabetes','New york',5);
Insert into ADMIN.CITY_WISE_ACTIVE_CASE (DISEASE_NAME,CITY,TOTAL_CASES) values ('Tuberculosis','New york',4);
Insert into ADMIN.CITY_WISE_ACTIVE_CASE (DISEASE_NAME,CITY,TOTAL_CASES) values ('Stroke','Charlotte',2);
Insert into ADMIN.CITY_WISE_ACTIVE_CASE (DISEASE_NAME,CITY,TOTAL_CASES) values ('High blood Pressure','Austin',5);
Insert into ADMIN.CITY_WISE_ACTIVE_CASE (DISEASE_NAME,CITY,TOTAL_CASES) values ('Cancer','Austin',7);
Insert into ADMIN.CITY_WISE_ACTIVE_CASE (DISEASE_NAME,CITY,TOTAL_CASES) values ('Meningitis','Charlotte',7);
Insert into ADMIN.CITY_WISE_ACTIVE_CASE (DISEASE_NAME,CITY,TOTAL_CASES) values ('Osteoporosis','Charlotte',6);
Insert into ADMIN.CITY_WISE_ACTIVE_CASE (DISEASE_NAME,CITY,TOTAL_CASES) values ('Alzheimers','Boston',1);
Insert into ADMIN.CITY_WISE_ACTIVE_CASE (DISEASE_NAME,CITY,TOTAL_CASES) values ('COPD','New york',4);
Insert into ADMIN.CITY_WISE_ACTIVE_CASE (DISEASE_NAME,CITY,TOTAL_CASES) values ('Kidney Stone','Austin',4);
Insert into ADMIN.CITY_WISE_ACTIVE_CASE (DISEASE_NAME,CITY,TOTAL_CASES) values ('Thyroid','Charlotte',4);
Insert into ADMIN.CITY_WISE_ACTIVE_CASE (DISEASE_NAME,CITY,TOTAL_CASES) values ('Dengue','Seattle',2);
Insert into ADMIN.CITY_WISE_ACTIVE_CASE (DISEASE_NAME,CITY,TOTAL_CASES) values ('Cancer','Seattle',3);
Insert into ADMIN.CITY_WISE_ACTIVE_CASE (DISEASE_NAME,CITY,TOTAL_CASES) values ('Covid','Boston',2);
Insert into ADMIN.CITY_WISE_ACTIVE_CASE (DISEASE_NAME,CITY,TOTAL_CASES) values ('Dengue','New york',8);
Insert into ADMIN.CITY_WISE_ACTIVE_CASE (DISEASE_NAME,CITY,TOTAL_CASES) values ('Alzheimers','New york',9);
Insert into ADMIN.CITY_WISE_ACTIVE_CASE (DISEASE_NAME,CITY,TOTAL_CASES) values ('Meningitis','New york',5);
Insert into ADMIN.CITY_WISE_ACTIVE_CASE (DISEASE_NAME,CITY,TOTAL_CASES) values ('Alzheimers','Charlotte',4);
Insert into ADMIN.CITY_WISE_ACTIVE_CASE (DISEASE_NAME,CITY,TOTAL_CASES) values ('Kidney Stone','Seattle',5);
Insert into ADMIN.CITY_WISE_ACTIVE_CASE (DISEASE_NAME,CITY,TOTAL_CASES) values ('Common Flu','Charlotte',1);
Insert into ADMIN.CITY_WISE_ACTIVE_CASE (DISEASE_NAME,CITY,TOTAL_CASES) values ('Covid','Austin',6);
Insert into ADMIN.CITY_WISE_ACTIVE_CASE (DISEASE_NAME,CITY,TOTAL_CASES) values ('Hemophilia','Boston',2);
Insert into ADMIN.CITY_WISE_ACTIVE_CASE (DISEASE_NAME,CITY,TOTAL_CASES) values ('Asthma','Charlotte',5);
Insert into ADMIN.CITY_WISE_ACTIVE_CASE (DISEASE_NAME,CITY,TOTAL_CASES) values ('Thyroid','Austin',7);
Insert into ADMIN.CITY_WISE_ACTIVE_CASE (DISEASE_NAME,CITY,TOTAL_CASES) values ('Common Flu','Austin',6);
Insert into ADMIN.CITY_WISE_ACTIVE_CASE (DISEASE_NAME,CITY,TOTAL_CASES) values ('Thyroid','Boston',3);
Insert into ADMIN.CITY_WISE_ACTIVE_CASE (DISEASE_NAME,CITY,TOTAL_CASES) values ('Diabetes','Charlotte',3);
Insert into ADMIN.CITY_WISE_ACTIVE_CASE (DISEASE_NAME,CITY,TOTAL_CASES) values ('ALS','Charlotte',3);
Insert into ADMIN.CITY_WISE_ACTIVE_CASE (DISEASE_NAME,CITY,TOTAL_CASES) values ('Cancer','Charlotte',2);
Insert into ADMIN.CITY_WISE_ACTIVE_CASE (DISEASE_NAME,CITY,TOTAL_CASES) values ('Common Flu','Boston',1);
Insert into ADMIN.CITY_WISE_ACTIVE_CASE (DISEASE_NAME,CITY,TOTAL_CASES) values ('Heart attack','Charlotte',3);
Insert into ADMIN.CITY_WISE_ACTIVE_CASE (DISEASE_NAME,CITY,TOTAL_CASES) values ('Kidney Stone','New york',8);
Insert into ADMIN.CITY_WISE_ACTIVE_CASE (DISEASE_NAME,CITY,TOTAL_CASES) values ('ALS','New york',10);
Insert into ADMIN.CITY_WISE_ACTIVE_CASE (DISEASE_NAME,CITY,TOTAL_CASES) values ('Thyroid','New york',6);
Insert into ADMIN.CITY_WISE_ACTIVE_CASE (DISEASE_NAME,CITY,TOTAL_CASES) values ('Tuberculosis','Austin',8);
Insert into ADMIN.CITY_WISE_ACTIVE_CASE (DISEASE_NAME,CITY,TOTAL_CASES) values ('COPD','Austin',6);
Insert into ADMIN.CITY_WISE_ACTIVE_CASE (DISEASE_NAME,CITY,TOTAL_CASES) values ('Rheumatoid Arthritis','Boston',1);
Insert into ADMIN.CITY_WISE_ACTIVE_CASE (DISEASE_NAME,CITY,TOTAL_CASES) values ('Hemophilia','New york',7);
Insert into ADMIN.CITY_WISE_ACTIVE_CASE (DISEASE_NAME,CITY,TOTAL_CASES) values ('Cancer','New york',10);
Insert into ADMIN.CITY_WISE_ACTIVE_CASE (DISEASE_NAME,CITY,TOTAL_CASES) values ('Hemophilia','Charlotte',4);
Insert into ADMIN.CITY_WISE_ACTIVE_CASE (DISEASE_NAME,CITY,TOTAL_CASES) values ('Diabetes','Austin',6);
Insert into ADMIN.CITY_WISE_ACTIVE_CASE (DISEASE_NAME,CITY,TOTAL_CASES) values ('Kidney Stone','Boston',3);
Insert into ADMIN.CITY_WISE_ACTIVE_CASE (DISEASE_NAME,CITY,TOTAL_CASES) values ('High blood Pressure','Charlotte',6);
Insert into ADMIN.CITY_WISE_ACTIVE_CASE (DISEASE_NAME,CITY,TOTAL_CASES) values ('Alzheimers','Seattle',2);
Insert into ADMIN.CITY_WISE_ACTIVE_CASE (DISEASE_NAME,CITY,TOTAL_CASES) values ('Thyroid','Seattle',1);
Insert into ADMIN.CITY_WISE_ACTIVE_CASE (DISEASE_NAME,CITY,TOTAL_CASES) values ('COPD','Boston',1);
Insert into ADMIN.CITY_WISE_ACTIVE_CASE (DISEASE_NAME,CITY,TOTAL_CASES) values ('Asthma','New york',11);
Insert into ADMIN.CITY_WISE_ACTIVE_CASE (DISEASE_NAME,CITY,TOTAL_CASES) values ('Kidney Stone','Charlotte',1);
Insert into ADMIN.CITY_WISE_ACTIVE_CASE (DISEASE_NAME,CITY,TOTAL_CASES) values ('Stroke','Seattle',3);
Insert into ADMIN.CITY_WISE_ACTIVE_CASE (DISEASE_NAME,CITY,TOTAL_CASES) values ('Hemophilia','Seattle',5);
Insert into ADMIN.CITY_WISE_ACTIVE_CASE (DISEASE_NAME,CITY,TOTAL_CASES) values ('ALS','Austin',6);
Insert into ADMIN.CITY_WISE_ACTIVE_CASE (DISEASE_NAME,CITY,TOTAL_CASES) values ('Meningitis','Austin',3);
Insert into ADMIN.CITY_WISE_ACTIVE_CASE (DISEASE_NAME,CITY,TOTAL_CASES) values ('Covid','Seattle',4);
Insert into ADMIN.CITY_WISE_ACTIVE_CASE (DISEASE_NAME,CITY,TOTAL_CASES) values ('Covid','New york',5);
Insert into ADMIN.CITY_WISE_ACTIVE_CASE (DISEASE_NAME,CITY,TOTAL_CASES) values ('Heart attack','New york',6);
Insert into ADMIN.CITY_WISE_ACTIVE_CASE (DISEASE_NAME,CITY,TOTAL_CASES) values ('Common Flu','New york',10);
Insert into ADMIN.CITY_WISE_ACTIVE_CASE (DISEASE_NAME,CITY,TOTAL_CASES) values ('Covid','Charlotte',5);
Insert into ADMIN.CITY_WISE_ACTIVE_CASE (DISEASE_NAME,CITY,TOTAL_CASES) values ('Tuberculosis','Seattle',4);
Insert into ADMIN.CITY_WISE_ACTIVE_CASE (DISEASE_NAME,CITY,TOTAL_CASES) values ('Meningitis','Seattle',4);
Insert into ADMIN.CITY_WISE_ACTIVE_CASE (DISEASE_NAME,CITY,TOTAL_CASES) values ('Asthma','Seattle',4);
Insert into ADMIN.CITY_WISE_ACTIVE_CASE (DISEASE_NAME,CITY,TOTAL_CASES) values ('Rheumatoid Arthritis','Seattle',4);
Insert into ADMIN.CITY_WISE_ACTIVE_CASE (DISEASE_NAME,CITY,TOTAL_CASES) values ('Diabetes','Boston',1);
REM INSERTING into ADMIN.CITY_WISE_PATIENT
SET DEFINE OFF;
Insert into ADMIN.CITY_WISE_PATIENT (CITY,VACCINE_NAME,VACCINATED_PEOPLE) values ('Austin','COVID',75);
Insert into ADMIN.CITY_WISE_PATIENT (CITY,VACCINE_NAME,VACCINATED_PEOPLE) values ('Austin','HEPATITIS',32);
Insert into ADMIN.CITY_WISE_PATIENT (CITY,VACCINE_NAME,VACCINATED_PEOPLE) values ('Austin','Influenza',74);
Insert into ADMIN.CITY_WISE_PATIENT (CITY,VACCINE_NAME,VACCINATED_PEOPLE) values ('Austin','Meningococcal',30);
Insert into ADMIN.CITY_WISE_PATIENT (CITY,VACCINE_NAME,VACCINATED_PEOPLE) values ('Austin','PCV13',34);
Insert into ADMIN.CITY_WISE_PATIENT (CITY,VACCINE_NAME,VACCINATED_PEOPLE) values ('Austin','PPSV23',29);
Insert into ADMIN.CITY_WISE_PATIENT (CITY,VACCINE_NAME,VACCINATED_PEOPLE) values ('Boston','COVID',24);
Insert into ADMIN.CITY_WISE_PATIENT (CITY,VACCINE_NAME,VACCINATED_PEOPLE) values ('Boston','HEPATITIS',5);
Insert into ADMIN.CITY_WISE_PATIENT (CITY,VACCINE_NAME,VACCINATED_PEOPLE) values ('Boston','Influenza',15);
Insert into ADMIN.CITY_WISE_PATIENT (CITY,VACCINE_NAME,VACCINATED_PEOPLE) values ('Boston','Meningococcal',10);
Insert into ADMIN.CITY_WISE_PATIENT (CITY,VACCINE_NAME,VACCINATED_PEOPLE) values ('Boston','PCV13',15);
Insert into ADMIN.CITY_WISE_PATIENT (CITY,VACCINE_NAME,VACCINATED_PEOPLE) values ('Boston','PPSV23',9);
Insert into ADMIN.CITY_WISE_PATIENT (CITY,VACCINE_NAME,VACCINATED_PEOPLE) values ('Charlotte','COVID',40);
Insert into ADMIN.CITY_WISE_PATIENT (CITY,VACCINE_NAME,VACCINATED_PEOPLE) values ('Charlotte','HEPATITIS',18);
Insert into ADMIN.CITY_WISE_PATIENT (CITY,VACCINE_NAME,VACCINATED_PEOPLE) values ('Charlotte','Influenza',40);
Insert into ADMIN.CITY_WISE_PATIENT (CITY,VACCINE_NAME,VACCINATED_PEOPLE) values ('Charlotte','Meningococcal',24);
Insert into ADMIN.CITY_WISE_PATIENT (CITY,VACCINE_NAME,VACCINATED_PEOPLE) values ('Charlotte','PCV13',21);
Insert into ADMIN.CITY_WISE_PATIENT (CITY,VACCINE_NAME,VACCINATED_PEOPLE) values ('Charlotte','PPSV23',21);
Insert into ADMIN.CITY_WISE_PATIENT (CITY,VACCINE_NAME,VACCINATED_PEOPLE) values ('New york','COVID',84);
Insert into ADMIN.CITY_WISE_PATIENT (CITY,VACCINE_NAME,VACCINATED_PEOPLE) values ('New york','HEPATITIS',55);
Insert into ADMIN.CITY_WISE_PATIENT (CITY,VACCINE_NAME,VACCINATED_PEOPLE) values ('New york','Influenza',85);
Insert into ADMIN.CITY_WISE_PATIENT (CITY,VACCINE_NAME,VACCINATED_PEOPLE) values ('New york','Meningococcal',29);
Insert into ADMIN.CITY_WISE_PATIENT (CITY,VACCINE_NAME,VACCINATED_PEOPLE) values ('New york','PCV13',43);
Insert into ADMIN.CITY_WISE_PATIENT (CITY,VACCINE_NAME,VACCINATED_PEOPLE) values ('New york','PPSV23',40);
Insert into ADMIN.CITY_WISE_PATIENT (CITY,VACCINE_NAME,VACCINATED_PEOPLE) values ('Seattle','COVID',34);
Insert into ADMIN.CITY_WISE_PATIENT (CITY,VACCINE_NAME,VACCINATED_PEOPLE) values ('Seattle','HEPATITIS',19);
Insert into ADMIN.CITY_WISE_PATIENT (CITY,VACCINE_NAME,VACCINATED_PEOPLE) values ('Seattle','Influenza',39);
Insert into ADMIN.CITY_WISE_PATIENT (CITY,VACCINE_NAME,VACCINATED_PEOPLE) values ('Seattle','Meningococcal',21);
Insert into ADMIN.CITY_WISE_PATIENT (CITY,VACCINE_NAME,VACCINATED_PEOPLE) values ('Seattle','PCV13',20);
Insert into ADMIN.CITY_WISE_PATIENT (CITY,VACCINE_NAME,VACCINATED_PEOPLE) values ('Seattle','PPSV23',15);
REM INSERTING into ADMIN.DISEASE_ACTIVE_CASES
SET DEFINE OFF;
Insert into ADMIN.DISEASE_ACTIVE_CASES (DISEASE_NAME,CASES) values ('Thyroid',21);
Insert into ADMIN.DISEASE_ACTIVE_CASES (DISEASE_NAME,CASES) values ('Migraine',31);
Insert into ADMIN.DISEASE_ACTIVE_CASES (DISEASE_NAME,CASES) values ('Common Flu',25);
Insert into ADMIN.DISEASE_ACTIVE_CASES (DISEASE_NAME,CASES) values ('Diabetes',20);
Insert into ADMIN.DISEASE_ACTIVE_CASES (DISEASE_NAME,CASES) values ('Dengue',21);
Insert into ADMIN.DISEASE_ACTIVE_CASES (DISEASE_NAME,CASES) values ('Asthma',26);
Insert into ADMIN.DISEASE_ACTIVE_CASES (DISEASE_NAME,CASES) values ('Heart attack',20);
Insert into ADMIN.DISEASE_ACTIVE_CASES (DISEASE_NAME,CASES) values ('COPD',16);
Insert into ADMIN.DISEASE_ACTIVE_CASES (DISEASE_NAME,CASES) values ('Alzheimers',20);
Insert into ADMIN.DISEASE_ACTIVE_CASES (DISEASE_NAME,CASES) values ('Tuberculosis',17);
Insert into ADMIN.DISEASE_ACTIVE_CASES (DISEASE_NAME,CASES) values ('Hemophilia',22);
Insert into ADMIN.DISEASE_ACTIVE_CASES (DISEASE_NAME,CASES) values ('Covid',22);
Insert into ADMIN.DISEASE_ACTIVE_CASES (DISEASE_NAME,CASES) values ('High blood Pressure',22);
Insert into ADMIN.DISEASE_ACTIVE_CASES (DISEASE_NAME,CASES) values ('Stroke',14);
Insert into ADMIN.DISEASE_ACTIVE_CASES (DISEASE_NAME,CASES) values ('Meningitis',19);
Insert into ADMIN.DISEASE_ACTIVE_CASES (DISEASE_NAME,CASES) values ('Kidney Stone',21);
Insert into ADMIN.DISEASE_ACTIVE_CASES (DISEASE_NAME,CASES) values ('ALS',22);
Insert into ADMIN.DISEASE_ACTIVE_CASES (DISEASE_NAME,CASES) values ('Rheumatoid Arthritis',19);
Insert into ADMIN.DISEASE_ACTIVE_CASES (DISEASE_NAME,CASES) values ('Osteoporosis',28);
Insert into ADMIN.DISEASE_ACTIVE_CASES (DISEASE_NAME,CASES) values ('Cancer',23);
REM INSERTING into ADMIN.TOP_3_HEALTIEST_CITIES
SET DEFINE OFF;
Insert into ADMIN.TOP_3_HEALTIEST_CITIES (CITY) values ('Boston');
Insert into ADMIN.TOP_3_HEALTIEST_CITIES (CITY) values ('Seattle');
Insert into ADMIN.TOP_3_HEALTIEST_CITIES (CITY) values ('Charlotte');
REM INSERTING into ADMIN.ZIP_WISE_ACTIVE_CASE
SET DEFINE OFF;
Insert into ADMIN.ZIP_WISE_ACTIVE_CASE (DISEASE_NAME,ZIP_ID,CITY,COUNTY,COUNTRY,CASES) values ('ALS',313,'Boston','Suffolk','US',1);
Insert into ADMIN.ZIP_WISE_ACTIVE_CASE (DISEASE_NAME,ZIP_ID,CITY,COUNTY,COUNTRY,CASES) values ('ALS',2294,'New york','New York','US',1);
Insert into ADMIN.ZIP_WISE_ACTIVE_CASE (DISEASE_NAME,ZIP_ID,CITY,COUNTY,COUNTRY,CASES) values ('ALS',2302,'New york','New York','US',1);
Insert into ADMIN.ZIP_WISE_ACTIVE_CASE (DISEASE_NAME,ZIP_ID,CITY,COUNTY,COUNTRY,CASES) values ('ALS',2305,'New york','New York','US',2);
Insert into ADMIN.ZIP_WISE_ACTIVE_CASE (DISEASE_NAME,ZIP_ID,CITY,COUNTY,COUNTRY,CASES) values ('ALS',2309,'New york','New York','US',1);
Insert into ADMIN.ZIP_WISE_ACTIVE_CASE (DISEASE_NAME,ZIP_ID,CITY,COUNTY,COUNTRY,CASES) values ('ALS',2314,'New york','New York','US',1);
Insert into ADMIN.ZIP_WISE_ACTIVE_CASE (DISEASE_NAME,ZIP_ID,CITY,COUNTY,COUNTRY,CASES) values ('ALS',2327,'New york','New York','US',2);
Insert into ADMIN.ZIP_WISE_ACTIVE_CASE (DISEASE_NAME,ZIP_ID,CITY,COUNTY,COUNTRY,CASES) values ('ALS',2335,'New york','New York','US',1);
Insert into ADMIN.ZIP_WISE_ACTIVE_CASE (DISEASE_NAME,ZIP_ID,CITY,COUNTY,COUNTRY,CASES) values ('ALS',2340,'New york','New York','US',1);
Insert into ADMIN.ZIP_WISE_ACTIVE_CASE (DISEASE_NAME,ZIP_ID,CITY,COUNTY,COUNTRY,CASES) values ('ALS',6359,'Boston','Culpeper','US',2);
Insert into ADMIN.ZIP_WISE_ACTIVE_CASE (DISEASE_NAME,ZIP_ID,CITY,COUNTY,COUNTRY,CASES) values ('ALS',8221,'Charlotte','Mecklenburg','US',1);
Insert into ADMIN.ZIP_WISE_ACTIVE_CASE (DISEASE_NAME,ZIP_ID,CITY,COUNTY,COUNTRY,CASES) values ('ALS',8222,'Charlotte','Mecklenburg','US',1);
Insert into ADMIN.ZIP_WISE_ACTIVE_CASE (DISEASE_NAME,ZIP_ID,CITY,COUNTY,COUNTRY,CASES) values ('ALS',8234,'Charlotte','Mecklenburg','US',1);
Insert into ADMIN.ZIP_WISE_ACTIVE_CASE (DISEASE_NAME,ZIP_ID,CITY,COUNTY,COUNTRY,CASES) values ('ALS',26415,'Austin','Travis','US',1);
Insert into ADMIN.ZIP_WISE_ACTIVE_CASE (DISEASE_NAME,ZIP_ID,CITY,COUNTY,COUNTRY,CASES) values ('ALS',26416,'Austin','Williamson','US',1);
Insert into ADMIN.ZIP_WISE_ACTIVE_CASE (DISEASE_NAME,ZIP_ID,CITY,COUNTY,COUNTRY,CASES) values ('ALS',26430,'Austin','Travis','US',1);
Insert into ADMIN.ZIP_WISE_ACTIVE_CASE (DISEASE_NAME,ZIP_ID,CITY,COUNTY,COUNTRY,CASES) values ('ALS',26436,'Austin','Travis','US',1);
Insert into ADMIN.ZIP_WISE_ACTIVE_CASE (DISEASE_NAME,ZIP_ID,CITY,COUNTY,COUNTRY,CASES) values ('ALS',26437,'Austin','Travis','US',1);
Insert into ADMIN.ZIP_WISE_ACTIVE_CASE (DISEASE_NAME,ZIP_ID,CITY,COUNTY,COUNTRY,CASES) values ('ALS',26440,'Austin','Travis','US',1);
Insert into ADMIN.ZIP_WISE_ACTIVE_CASE (DISEASE_NAME,ZIP_ID,CITY,COUNTY,COUNTRY,CASES) values ('Alzheimers',311,'Boston','Suffolk','US',1);
Insert into ADMIN.ZIP_WISE_ACTIVE_CASE (DISEASE_NAME,ZIP_ID,CITY,COUNTY,COUNTRY,CASES) values ('Alzheimers',2304,'New york','New York','US',1);
Insert into ADMIN.ZIP_WISE_ACTIVE_CASE (DISEASE_NAME,ZIP_ID,CITY,COUNTY,COUNTRY,CASES) values ('Alzheimers',2305,'New york','New York','US',1);
Insert into ADMIN.ZIP_WISE_ACTIVE_CASE (DISEASE_NAME,ZIP_ID,CITY,COUNTY,COUNTRY,CASES) values ('Alzheimers',2328,'New york','New York','US',1);
Insert into ADMIN.ZIP_WISE_ACTIVE_CASE (DISEASE_NAME,ZIP_ID,CITY,COUNTY,COUNTRY,CASES) values ('Alzheimers',2333,'New york','New York','US',1);
Insert into ADMIN.ZIP_WISE_ACTIVE_CASE (DISEASE_NAME,ZIP_ID,CITY,COUNTY,COUNTRY,CASES) values ('Alzheimers',2338,'New york','New York','US',1);
Insert into ADMIN.ZIP_WISE_ACTIVE_CASE (DISEASE_NAME,ZIP_ID,CITY,COUNTY,COUNTRY,CASES) values ('Alzheimers',2341,'New york','New York','US',1);
Insert into ADMIN.ZIP_WISE_ACTIVE_CASE (DISEASE_NAME,ZIP_ID,CITY,COUNTY,COUNTRY,CASES) values ('Alzheimers',2344,'New york','New York','US',2);
Insert into ADMIN.ZIP_WISE_ACTIVE_CASE (DISEASE_NAME,ZIP_ID,CITY,COUNTY,COUNTRY,CASES) values ('Alzheimers',2353,'New york','New York','US',1);
Insert into ADMIN.ZIP_WISE_ACTIVE_CASE (DISEASE_NAME,ZIP_ID,CITY,COUNTY,COUNTRY,CASES) values ('Alzheimers',8218,'Charlotte','Mecklenburg','US',1);
Insert into ADMIN.ZIP_WISE_ACTIVE_CASE (DISEASE_NAME,ZIP_ID,CITY,COUNTY,COUNTRY,CASES) values ('Alzheimers',8230,'Charlotte','Mecklenburg','US',1);
Insert into ADMIN.ZIP_WISE_ACTIVE_CASE (DISEASE_NAME,ZIP_ID,CITY,COUNTY,COUNTRY,CASES) values ('Alzheimers',8236,'Charlotte','Mecklenburg','US',1);
Insert into ADMIN.ZIP_WISE_ACTIVE_CASE (DISEASE_NAME,ZIP_ID,CITY,COUNTY,COUNTRY,CASES) values ('Alzheimers',15307,'Charlotte','Eaton','US',1);
Insert into ADMIN.ZIP_WISE_ACTIVE_CASE (DISEASE_NAME,ZIP_ID,CITY,COUNTY,COUNTRY,CASES) values ('Alzheimers',26408,'Austin','Travis','US',1);
Insert into ADMIN.ZIP_WISE_ACTIVE_CASE (DISEASE_NAME,ZIP_ID,CITY,COUNTY,COUNTRY,CASES) values ('Alzheimers',26417,'Austin','Travis','US',1);
Insert into ADMIN.ZIP_WISE_ACTIVE_CASE (DISEASE_NAME,ZIP_ID,CITY,COUNTY,COUNTRY,CASES) values ('Alzheimers',26424,'Austin','Hays','US',1);
Insert into ADMIN.ZIP_WISE_ACTIVE_CASE (DISEASE_NAME,ZIP_ID,CITY,COUNTY,COUNTRY,CASES) values ('Alzheimers',27986,'Austin','Sevier','US',1);
Insert into ADMIN.ZIP_WISE_ACTIVE_CASE (DISEASE_NAME,ZIP_ID,CITY,COUNTY,COUNTRY,CASES) values ('Alzheimers',31102,'Seattle','King','US',1);
Insert into ADMIN.ZIP_WISE_ACTIVE_CASE (DISEASE_NAME,ZIP_ID,CITY,COUNTY,COUNTRY,CASES) values ('Alzheimers',31103,'Seattle','King','US',1);
Insert into ADMIN.ZIP_WISE_ACTIVE_CASE (DISEASE_NAME,ZIP_ID,CITY,COUNTY,COUNTRY,CASES) values ('Asthma',2301,'New york','New York','US',1);
Insert into ADMIN.ZIP_WISE_ACTIVE_CASE (DISEASE_NAME,ZIP_ID,CITY,COUNTY,COUNTRY,CASES) values ('Asthma',2307,'New york','New York','US',1);
Insert into ADMIN.ZIP_WISE_ACTIVE_CASE (DISEASE_NAME,ZIP_ID,CITY,COUNTY,COUNTRY,CASES) values ('Asthma',2308,'New york','New York','US',1);
Insert into ADMIN.ZIP_WISE_ACTIVE_CASE (DISEASE_NAME,ZIP_ID,CITY,COUNTY,COUNTRY,CASES) values ('Asthma',2316,'New york','New York','US',1);
Insert into ADMIN.ZIP_WISE_ACTIVE_CASE (DISEASE_NAME,ZIP_ID,CITY,COUNTY,COUNTRY,CASES) values ('Asthma',2326,'New york','New York','US',1);
Insert into ADMIN.ZIP_WISE_ACTIVE_CASE (DISEASE_NAME,ZIP_ID,CITY,COUNTY,COUNTRY,CASES) values ('Asthma',2331,'New york','New York','US',1);
Insert into ADMIN.ZIP_WISE_ACTIVE_CASE (DISEASE_NAME,ZIP_ID,CITY,COUNTY,COUNTRY,CASES) values ('Asthma',2332,'New york','New York','US',1);
Insert into ADMIN.ZIP_WISE_ACTIVE_CASE (DISEASE_NAME,ZIP_ID,CITY,COUNTY,COUNTRY,CASES) values ('Asthma',2333,'New york','New York','US',1);
Insert into ADMIN.ZIP_WISE_ACTIVE_CASE (DISEASE_NAME,ZIP_ID,CITY,COUNTY,COUNTRY,CASES) values ('Asthma',2355,'New york','New York','US',2);
Insert into ADMIN.ZIP_WISE_ACTIVE_CASE (DISEASE_NAME,ZIP_ID,CITY,COUNTY,COUNTRY,CASES) values ('Asthma',2356,'New york','New York','US',1);
Insert into ADMIN.ZIP_WISE_ACTIVE_CASE (DISEASE_NAME,ZIP_ID,CITY,COUNTY,COUNTRY,CASES) values ('Asthma',4646,'Austin','Potter','US',1);
Insert into ADMIN.ZIP_WISE_ACTIVE_CASE (DISEASE_NAME,ZIP_ID,CITY,COUNTY,COUNTRY,CASES) values ('Asthma',8215,'Charlotte','Mecklenburg','US',1);
Insert into ADMIN.ZIP_WISE_ACTIVE_CASE (DISEASE_NAME,ZIP_ID,CITY,COUNTY,COUNTRY,CASES) values ('Asthma',8224,'Charlotte','Mecklenburg','US',1);
Insert into ADMIN.ZIP_WISE_ACTIVE_CASE (DISEASE_NAME,ZIP_ID,CITY,COUNTY,COUNTRY,CASES) values ('Asthma',8228,'Charlotte','Mecklenburg','US',2);
Insert into ADMIN.ZIP_WISE_ACTIVE_CASE (DISEASE_NAME,ZIP_ID,CITY,COUNTY,COUNTRY,CASES) values ('Asthma',8233,'Charlotte','Mecklenburg','US',1);
Insert into ADMIN.ZIP_WISE_ACTIVE_CASE (DISEASE_NAME,ZIP_ID,CITY,COUNTY,COUNTRY,CASES) values ('Asthma',12283,'Boston','Nelson','US',2);
Insert into ADMIN.ZIP_WISE_ACTIVE_CASE (DISEASE_NAME,ZIP_ID,CITY,COUNTY,COUNTRY,CASES) values ('Asthma',26402,'Austin','Travis','US',1);
Insert into ADMIN.ZIP_WISE_ACTIVE_CASE (DISEASE_NAME,ZIP_ID,CITY,COUNTY,COUNTRY,CASES) values ('Asthma',26413,'Austin','Travis','US',1);
Insert into ADMIN.ZIP_WISE_ACTIVE_CASE (DISEASE_NAME,ZIP_ID,CITY,COUNTY,COUNTRY,CASES) values ('Asthma',26425,'Austin','Travis','US',1);
Insert into ADMIN.ZIP_WISE_ACTIVE_CASE (DISEASE_NAME,ZIP_ID,CITY,COUNTY,COUNTRY,CASES) values ('Asthma',31086,'Seattle','King','US',2);
Insert into ADMIN.ZIP_WISE_ACTIVE_CASE (DISEASE_NAME,ZIP_ID,CITY,COUNTY,COUNTRY,CASES) values ('Asthma',31106,'Seattle','King','US',1);
Insert into ADMIN.ZIP_WISE_ACTIVE_CASE (DISEASE_NAME,ZIP_ID,CITY,COUNTY,COUNTRY,CASES) values ('Asthma',31112,'Seattle','King','US',1);
Insert into ADMIN.ZIP_WISE_ACTIVE_CASE (DISEASE_NAME,ZIP_ID,CITY,COUNTY,COUNTRY,CASES) values ('COPD',2295,'New york','New York','US',1);
Insert into ADMIN.ZIP_WISE_ACTIVE_CASE (DISEASE_NAME,ZIP_ID,CITY,COUNTY,COUNTRY,CASES) values ('COPD',2319,'New york','New York','US',1);
Insert into ADMIN.ZIP_WISE_ACTIVE_CASE (DISEASE_NAME,ZIP_ID,CITY,COUNTY,COUNTRY,CASES) values ('COPD',2340,'New york','New York','US',1);
Insert into ADMIN.ZIP_WISE_ACTIVE_CASE (DISEASE_NAME,ZIP_ID,CITY,COUNTY,COUNTRY,CASES) values ('COPD',2355,'New york','New York','US',1);
Insert into ADMIN.ZIP_WISE_ACTIVE_CASE (DISEASE_NAME,ZIP_ID,CITY,COUNTY,COUNTRY,CASES) values ('COPD',4646,'Austin','Potter','US',1);
Insert into ADMIN.ZIP_WISE_ACTIVE_CASE (DISEASE_NAME,ZIP_ID,CITY,COUNTY,COUNTRY,CASES) values ('COPD',8213,'Charlotte','Mecklenburg','US',1);
Insert into ADMIN.ZIP_WISE_ACTIVE_CASE (DISEASE_NAME,ZIP_ID,CITY,COUNTY,COUNTRY,CASES) values ('COPD',8219,'Charlotte','Mecklenburg','US',1);
Insert into ADMIN.ZIP_WISE_ACTIVE_CASE (DISEASE_NAME,ZIP_ID,CITY,COUNTY,COUNTRY,CASES) values ('COPD',8227,'Charlotte','Mecklenburg','US',1);
Insert into ADMIN.ZIP_WISE_ACTIVE_CASE (DISEASE_NAME,ZIP_ID,CITY,COUNTY,COUNTRY,CASES) values ('COPD',9548,'Boston','Thomas','US',1);
Insert into ADMIN.ZIP_WISE_ACTIVE_CASE (DISEASE_NAME,ZIP_ID,CITY,COUNTY,COUNTRY,CASES) values ('COPD',26403,'Austin','Travis','US',1);
Insert into ADMIN.ZIP_WISE_ACTIVE_CASE (DISEASE_NAME,ZIP_ID,CITY,COUNTY,COUNTRY,CASES) values ('COPD',26405,'Austin','Travis','US',1);
Insert into ADMIN.ZIP_WISE_ACTIVE_CASE (DISEASE_NAME,ZIP_ID,CITY,COUNTY,COUNTRY,CASES) values ('COPD',26424,'Austin','Hays','US',1);
Insert into ADMIN.ZIP_WISE_ACTIVE_CASE (DISEASE_NAME,ZIP_ID,CITY,COUNTY,COUNTRY,CASES) values ('COPD',26436,'Austin','Travis','US',1);
Insert into ADMIN.ZIP_WISE_ACTIVE_CASE (DISEASE_NAME,ZIP_ID,CITY,COUNTY,COUNTRY,CASES) values ('COPD',26440,'Austin','Travis','US',1);
Insert into ADMIN.ZIP_WISE_ACTIVE_CASE (DISEASE_NAME,ZIP_ID,CITY,COUNTY,COUNTRY,CASES) values ('COPD',31091,'Seattle','King','US',1);
Insert into ADMIN.ZIP_WISE_ACTIVE_CASE (DISEASE_NAME,ZIP_ID,CITY,COUNTY,COUNTRY,CASES) values ('COPD',31092,'Seattle','King','US',1);
Insert into ADMIN.ZIP_WISE_ACTIVE_CASE (DISEASE_NAME,ZIP_ID,CITY,COUNTY,COUNTRY,CASES) values ('Cancer',306,'Boston','Suffolk','US',1);
Insert into ADMIN.ZIP_WISE_ACTIVE_CASE (DISEASE_NAME,ZIP_ID,CITY,COUNTY,COUNTRY,CASES) values ('Cancer',2294,'New york','New York','US',1);
Insert into ADMIN.ZIP_WISE_ACTIVE_CASE (DISEASE_NAME,ZIP_ID,CITY,COUNTY,COUNTRY,CASES) values ('Cancer',2295,'New york','New York','US',3);
Insert into ADMIN.ZIP_WISE_ACTIVE_CASE (DISEASE_NAME,ZIP_ID,CITY,COUNTY,COUNTRY,CASES) values ('Cancer',2305,'New york','New York','US',1);
Insert into ADMIN.ZIP_WISE_ACTIVE_CASE (DISEASE_NAME,ZIP_ID,CITY,COUNTY,COUNTRY,CASES) values ('Cancer',2306,'New york','New York','US',1);
Insert into ADMIN.ZIP_WISE_ACTIVE_CASE (DISEASE_NAME,ZIP_ID,CITY,COUNTY,COUNTRY,CASES) values ('Cancer',2313,'New york','New York','US',1);
Insert into ADMIN.ZIP_WISE_ACTIVE_CASE (DISEASE_NAME,ZIP_ID,CITY,COUNTY,COUNTRY,CASES) values ('Cancer',2315,'New york','New York','US',1);
Insert into ADMIN.ZIP_WISE_ACTIVE_CASE (DISEASE_NAME,ZIP_ID,CITY,COUNTY,COUNTRY,CASES) values ('Cancer',2325,'New york','New York','US',1);
Insert into ADMIN.ZIP_WISE_ACTIVE_CASE (DISEASE_NAME,ZIP_ID,CITY,COUNTY,COUNTRY,CASES) values ('Cancer',2344,'New york','New York','US',1);
Insert into ADMIN.ZIP_WISE_ACTIVE_CASE (DISEASE_NAME,ZIP_ID,CITY,COUNTY,COUNTRY,CASES) values ('Cancer',4646,'Austin','Potter','US',1);
Insert into ADMIN.ZIP_WISE_ACTIVE_CASE (DISEASE_NAME,ZIP_ID,CITY,COUNTY,COUNTRY,CASES) values ('Cancer',8219,'Charlotte','Mecklenburg','US',1);
Insert into ADMIN.ZIP_WISE_ACTIVE_CASE (DISEASE_NAME,ZIP_ID,CITY,COUNTY,COUNTRY,CASES) values ('Cancer',8237,'Charlotte','Mecklenburg','US',1);
Insert into ADMIN.ZIP_WISE_ACTIVE_CASE (DISEASE_NAME,ZIP_ID,CITY,COUNTY,COUNTRY,CASES) values ('Cancer',23837,'Austin','Lonoke','US',1);
Insert into ADMIN.ZIP_WISE_ACTIVE_CASE (DISEASE_NAME,ZIP_ID,CITY,COUNTY,COUNTRY,CASES) values ('Cancer',26404,'Austin','Travis','US',1);
Insert into ADMIN.ZIP_WISE_ACTIVE_CASE (DISEASE_NAME,ZIP_ID,CITY,COUNTY,COUNTRY,CASES) values ('Cancer',26410,'Austin','Travis','US',1);
Insert into ADMIN.ZIP_WISE_ACTIVE_CASE (DISEASE_NAME,ZIP_ID,CITY,COUNTY,COUNTRY,CASES) values ('Cancer',26412,'Austin','Travis','US',1);
Insert into ADMIN.ZIP_WISE_ACTIVE_CASE (DISEASE_NAME,ZIP_ID,CITY,COUNTY,COUNTRY,CASES) values ('Cancer',26415,'Austin','Travis','US',1);
Insert into ADMIN.ZIP_WISE_ACTIVE_CASE (DISEASE_NAME,ZIP_ID,CITY,COUNTY,COUNTRY,CASES) values ('Cancer',26416,'Austin','Williamson','US',1);
Insert into ADMIN.ZIP_WISE_ACTIVE_CASE (DISEASE_NAME,ZIP_ID,CITY,COUNTY,COUNTRY,CASES) values ('Cancer',31085,'Seattle','King','US',1);
Insert into ADMIN.ZIP_WISE_ACTIVE_CASE (DISEASE_NAME,ZIP_ID,CITY,COUNTY,COUNTRY,CASES) values ('Cancer',31094,'Seattle','King','US',1);
Insert into ADMIN.ZIP_WISE_ACTIVE_CASE (DISEASE_NAME,ZIP_ID,CITY,COUNTY,COUNTRY,CASES) values ('Cancer',31100,'Seattle','King','US',1);
Insert into ADMIN.ZIP_WISE_ACTIVE_CASE (DISEASE_NAME,ZIP_ID,CITY,COUNTY,COUNTRY,CASES) values ('Common Flu',312,'Boston','Suffolk','US',1);
Insert into ADMIN.ZIP_WISE_ACTIVE_CASE (DISEASE_NAME,ZIP_ID,CITY,COUNTY,COUNTRY,CASES) values ('Common Flu',2296,'New york','New York','US',3);
Insert into ADMIN.ZIP_WISE_ACTIVE_CASE (DISEASE_NAME,ZIP_ID,CITY,COUNTY,COUNTRY,CASES) values ('Common Flu',2302,'New york','New York','US',1);
Insert into ADMIN.ZIP_WISE_ACTIVE_CASE (DISEASE_NAME,ZIP_ID,CITY,COUNTY,COUNTRY,CASES) values ('Common Flu',2303,'New york','New York','US',1);
Insert into ADMIN.ZIP_WISE_ACTIVE_CASE (DISEASE_NAME,ZIP_ID,CITY,COUNTY,COUNTRY,CASES) values ('Common Flu',2305,'New york','New York','US',1);
Insert into ADMIN.ZIP_WISE_ACTIVE_CASE (DISEASE_NAME,ZIP_ID,CITY,COUNTY,COUNTRY,CASES) values ('Common Flu',2316,'New york','New York','US',1);
Insert into ADMIN.ZIP_WISE_ACTIVE_CASE (DISEASE_NAME,ZIP_ID,CITY,COUNTY,COUNTRY,CASES) values ('Common Flu',2319,'New york','New York','US',1);
Insert into ADMIN.ZIP_WISE_ACTIVE_CASE (DISEASE_NAME,ZIP_ID,CITY,COUNTY,COUNTRY,CASES) values ('Common Flu',2321,'New york','New York','US',1);
Insert into ADMIN.ZIP_WISE_ACTIVE_CASE (DISEASE_NAME,ZIP_ID,CITY,COUNTY,COUNTRY,CASES) values ('Common Flu',2358,'New york','New York','US',1);
Insert into ADMIN.ZIP_WISE_ACTIVE_CASE (DISEASE_NAME,ZIP_ID,CITY,COUNTY,COUNTRY,CASES) values ('Common Flu',8232,'Charlotte','Mecklenburg','US',1);
Insert into ADMIN.ZIP_WISE_ACTIVE_CASE (DISEASE_NAME,ZIP_ID,CITY,COUNTY,COUNTRY,CASES) values ('Common Flu',26406,'Austin','Williamson','US',1);
Insert into ADMIN.ZIP_WISE_ACTIVE_CASE (DISEASE_NAME,ZIP_ID,CITY,COUNTY,COUNTRY,CASES) values ('Common Flu',26412,'Austin','Travis','US',1);
Insert into ADMIN.ZIP_WISE_ACTIVE_CASE (DISEASE_NAME,ZIP_ID,CITY,COUNTY,COUNTRY,CASES) values ('Common Flu',26415,'Austin','Travis','US',1);
Insert into ADMIN.ZIP_WISE_ACTIVE_CASE (DISEASE_NAME,ZIP_ID,CITY,COUNTY,COUNTRY,CASES) values ('Common Flu',26433,'Austin','Travis','US',2);
Insert into ADMIN.ZIP_WISE_ACTIVE_CASE (DISEASE_NAME,ZIP_ID,CITY,COUNTY,COUNTRY,CASES) values ('Common Flu',26442,'Austin','Travis','US',1);
Insert into ADMIN.ZIP_WISE_ACTIVE_CASE (DISEASE_NAME,ZIP_ID,CITY,COUNTY,COUNTRY,CASES) values ('Common Flu',31086,'Seattle','King','US',1);
Insert into ADMIN.ZIP_WISE_ACTIVE_CASE (DISEASE_NAME,ZIP_ID,CITY,COUNTY,COUNTRY,CASES) values ('Common Flu',31091,'Seattle','King','US',1);
Insert into ADMIN.ZIP_WISE_ACTIVE_CASE (DISEASE_NAME,ZIP_ID,CITY,COUNTY,COUNTRY,CASES) values ('Common Flu',31092,'Seattle','King','US',1);
Insert into ADMIN.ZIP_WISE_ACTIVE_CASE (DISEASE_NAME,ZIP_ID,CITY,COUNTY,COUNTRY,CASES) values ('Common Flu',31097,'Seattle','King','US',1);
Insert into ADMIN.ZIP_WISE_ACTIVE_CASE (DISEASE_NAME,ZIP_ID,CITY,COUNTY,COUNTRY,CASES) values ('Common Flu',31102,'Seattle','King','US',1);
Insert into ADMIN.ZIP_WISE_ACTIVE_CASE (DISEASE_NAME,ZIP_ID,CITY,COUNTY,COUNTRY,CASES) values ('Common Flu',31106,'Seattle','King','US',2);
Insert into ADMIN.ZIP_WISE_ACTIVE_CASE (DISEASE_NAME,ZIP_ID,CITY,COUNTY,COUNTRY,CASES) values ('Covid',307,'Boston','Suffolk','US',1);
Insert into ADMIN.ZIP_WISE_ACTIVE_CASE (DISEASE_NAME,ZIP_ID,CITY,COUNTY,COUNTRY,CASES) values ('Covid',310,'Boston','Suffolk','US',1);
Insert into ADMIN.ZIP_WISE_ACTIVE_CASE (DISEASE_NAME,ZIP_ID,CITY,COUNTY,COUNTRY,CASES) values ('Covid',1298,'Charlotte','Chittenden','US',1);
Insert into ADMIN.ZIP_WISE_ACTIVE_CASE (DISEASE_NAME,ZIP_ID,CITY,COUNTY,COUNTRY,CASES) values ('Covid',2305,'New york','New York','US',1);
Insert into ADMIN.ZIP_WISE_ACTIVE_CASE (DISEASE_NAME,ZIP_ID,CITY,COUNTY,COUNTRY,CASES) values ('Covid',2316,'New york','New York','US',1);
Insert into ADMIN.ZIP_WISE_ACTIVE_CASE (DISEASE_NAME,ZIP_ID,CITY,COUNTY,COUNTRY,CASES) values ('Covid',2317,'New york','New York','US',1);
Insert into ADMIN.ZIP_WISE_ACTIVE_CASE (DISEASE_NAME,ZIP_ID,CITY,COUNTY,COUNTRY,CASES) values ('Covid',2345,'New york','New York','US',1);
Insert into ADMIN.ZIP_WISE_ACTIVE_CASE (DISEASE_NAME,ZIP_ID,CITY,COUNTY,COUNTRY,CASES) values ('Covid',2358,'New york','New York','US',1);
Insert into ADMIN.ZIP_WISE_ACTIVE_CASE (DISEASE_NAME,ZIP_ID,CITY,COUNTY,COUNTRY,CASES) values ('Covid',8217,'Charlotte','Mecklenburg','US',1);
Insert into ADMIN.ZIP_WISE_ACTIVE_CASE (DISEASE_NAME,ZIP_ID,CITY,COUNTY,COUNTRY,CASES) values ('Covid',8232,'Charlotte','Mecklenburg','US',1);
Insert into ADMIN.ZIP_WISE_ACTIVE_CASE (DISEASE_NAME,ZIP_ID,CITY,COUNTY,COUNTRY,CASES) values ('Covid',8234,'Charlotte','Mecklenburg','US',1);
Insert into ADMIN.ZIP_WISE_ACTIVE_CASE (DISEASE_NAME,ZIP_ID,CITY,COUNTY,COUNTRY,CASES) values ('Covid',8237,'Charlotte','Mecklenburg','US',1);
Insert into ADMIN.ZIP_WISE_ACTIVE_CASE (DISEASE_NAME,ZIP_ID,CITY,COUNTY,COUNTRY,CASES) values ('Covid',12825,'Austin','Barren','US',1);
Insert into ADMIN.ZIP_WISE_ACTIVE_CASE (DISEASE_NAME,ZIP_ID,CITY,COUNTY,COUNTRY,CASES) values ('Covid',26412,'Austin','Travis','US',1);
Insert into ADMIN.ZIP_WISE_ACTIVE_CASE (DISEASE_NAME,ZIP_ID,CITY,COUNTY,COUNTRY,CASES) values ('Covid',26416,'Austin','Williamson','US',2);
Insert into ADMIN.ZIP_WISE_ACTIVE_CASE (DISEASE_NAME,ZIP_ID,CITY,COUNTY,COUNTRY,CASES) values ('Covid',27225,'Austin','Delta','US',1);
Insert into ADMIN.ZIP_WISE_ACTIVE_CASE (DISEASE_NAME,ZIP_ID,CITY,COUNTY,COUNTRY,CASES) values ('Covid',28792,'Austin','Lander','US',1);
Insert into ADMIN.ZIP_WISE_ACTIVE_CASE (DISEASE_NAME,ZIP_ID,CITY,COUNTY,COUNTRY,CASES) values ('Covid',31081,'Seattle','King','US',1);
Insert into ADMIN.ZIP_WISE_ACTIVE_CASE (DISEASE_NAME,ZIP_ID,CITY,COUNTY,COUNTRY,CASES) values ('Covid',31088,'Seattle','King','US',1);
Insert into ADMIN.ZIP_WISE_ACTIVE_CASE (DISEASE_NAME,ZIP_ID,CITY,COUNTY,COUNTRY,CASES) values ('Covid',31094,'Seattle','King','US',1);
Insert into ADMIN.ZIP_WISE_ACTIVE_CASE (DISEASE_NAME,ZIP_ID,CITY,COUNTY,COUNTRY,CASES) values ('Covid',31098,'Seattle','King','US',1);
Insert into ADMIN.ZIP_WISE_ACTIVE_CASE (DISEASE_NAME,ZIP_ID,CITY,COUNTY,COUNTRY,CASES) values ('Dengue',306,'Boston','Suffolk','US',2);
Insert into ADMIN.ZIP_WISE_ACTIVE_CASE (DISEASE_NAME,ZIP_ID,CITY,COUNTY,COUNTRY,CASES) values ('Dengue',2304,'New york','New York','US',1);
Insert into ADMIN.ZIP_WISE_ACTIVE_CASE (DISEASE_NAME,ZIP_ID,CITY,COUNTY,COUNTRY,CASES) values ('Dengue',2305,'New york','New York','US',1);
Insert into ADMIN.ZIP_WISE_ACTIVE_CASE (DISEASE_NAME,ZIP_ID,CITY,COUNTY,COUNTRY,CASES) values ('Dengue',2318,'New york','New York','US',2);
Insert into ADMIN.ZIP_WISE_ACTIVE_CASE (DISEASE_NAME,ZIP_ID,CITY,COUNTY,COUNTRY,CASES) values ('Dengue',2334,'New york','New York','US',1);
Insert into ADMIN.ZIP_WISE_ACTIVE_CASE (DISEASE_NAME,ZIP_ID,CITY,COUNTY,COUNTRY,CASES) values ('Dengue',2339,'New york','New York','US',1);
Insert into ADMIN.ZIP_WISE_ACTIVE_CASE (DISEASE_NAME,ZIP_ID,CITY,COUNTY,COUNTRY,CASES) values ('Dengue',2352,'New york','New York','US',1);
Insert into ADMIN.ZIP_WISE_ACTIVE_CASE (DISEASE_NAME,ZIP_ID,CITY,COUNTY,COUNTRY,CASES) values ('Dengue',2359,'New york','New York','US',1);
Insert into ADMIN.ZIP_WISE_ACTIVE_CASE (DISEASE_NAME,ZIP_ID,CITY,COUNTY,COUNTRY,CASES) values ('Dengue',8224,'Charlotte','Mecklenburg','US',1);
Insert into ADMIN.ZIP_WISE_ACTIVE_CASE (DISEASE_NAME,ZIP_ID,CITY,COUNTY,COUNTRY,CASES) values ('Dengue',8226,'Charlotte','Mecklenburg','US',1);
Insert into ADMIN.ZIP_WISE_ACTIVE_CASE (DISEASE_NAME,ZIP_ID,CITY,COUNTY,COUNTRY,CASES) values ('Dengue',8237,'Charlotte','Mecklenburg','US',1);
Insert into ADMIN.ZIP_WISE_ACTIVE_CASE (DISEASE_NAME,ZIP_ID,CITY,COUNTY,COUNTRY,CASES) values ('Dengue',17917,'Austin','Mower','US',1);
Insert into ADMIN.ZIP_WISE_ACTIVE_CASE (DISEASE_NAME,ZIP_ID,CITY,COUNTY,COUNTRY,CASES) values ('Dengue',26401,'Austin','Travis','US',1);
Insert into ADMIN.ZIP_WISE_ACTIVE_CASE (DISEASE_NAME,ZIP_ID,CITY,COUNTY,COUNTRY,CASES) values ('Dengue',26408,'Austin','Travis','US',1);
Insert into ADMIN.ZIP_WISE_ACTIVE_CASE (DISEASE_NAME,ZIP_ID,CITY,COUNTY,COUNTRY,CASES) values ('Dengue',26419,'Austin','Travis','US',1);
Insert into ADMIN.ZIP_WISE_ACTIVE_CASE (DISEASE_NAME,ZIP_ID,CITY,COUNTY,COUNTRY,CASES) values ('Dengue',26437,'Austin','Travis','US',1);
Insert into ADMIN.ZIP_WISE_ACTIVE_CASE (DISEASE_NAME,ZIP_ID,CITY,COUNTY,COUNTRY,CASES) values ('Dengue',26443,'Austin','Travis','US',1);
Insert into ADMIN.ZIP_WISE_ACTIVE_CASE (DISEASE_NAME,ZIP_ID,CITY,COUNTY,COUNTRY,CASES) values ('Dengue',31099,'Seattle','King','US',1);
Insert into ADMIN.ZIP_WISE_ACTIVE_CASE (DISEASE_NAME,ZIP_ID,CITY,COUNTY,COUNTRY,CASES) values ('Dengue',31111,'Seattle','King','US',1);
Insert into ADMIN.ZIP_WISE_ACTIVE_CASE (DISEASE_NAME,ZIP_ID,CITY,COUNTY,COUNTRY,CASES) values ('Diabetes',310,'Boston','Suffolk','US',1);
Insert into ADMIN.ZIP_WISE_ACTIVE_CASE (DISEASE_NAME,ZIP_ID,CITY,COUNTY,COUNTRY,CASES) values ('Diabetes',2305,'New york','New York','US',1);
Insert into ADMIN.ZIP_WISE_ACTIVE_CASE (DISEASE_NAME,ZIP_ID,CITY,COUNTY,COUNTRY,CASES) values ('Diabetes',2333,'New york','New York','US',1);
Insert into ADMIN.ZIP_WISE_ACTIVE_CASE (DISEASE_NAME,ZIP_ID,CITY,COUNTY,COUNTRY,CASES) values ('Diabetes',2347,'New york','New York','US',1);
Insert into ADMIN.ZIP_WISE_ACTIVE_CASE (DISEASE_NAME,ZIP_ID,CITY,COUNTY,COUNTRY,CASES) values ('Diabetes',2349,'New york','New York','US',1);
Insert into ADMIN.ZIP_WISE_ACTIVE_CASE (DISEASE_NAME,ZIP_ID,CITY,COUNTY,COUNTRY,CASES) values ('Diabetes',2359,'New york','New York','US',1);
Insert into ADMIN.ZIP_WISE_ACTIVE_CASE (DISEASE_NAME,ZIP_ID,CITY,COUNTY,COUNTRY,CASES) values ('Diabetes',8214,'Charlotte','Mecklenburg','US',1);
Insert into ADMIN.ZIP_WISE_ACTIVE_CASE (DISEASE_NAME,ZIP_ID,CITY,COUNTY,COUNTRY,CASES) values ('Diabetes',8223,'Charlotte','Mecklenburg','US',1);
Insert into ADMIN.ZIP_WISE_ACTIVE_CASE (DISEASE_NAME,ZIP_ID,CITY,COUNTY,COUNTRY,CASES) values ('Diabetes',8229,'Charlotte','Mecklenburg','US',1);
Insert into ADMIN.ZIP_WISE_ACTIVE_CASE (DISEASE_NAME,ZIP_ID,CITY,COUNTY,COUNTRY,CASES) values ('Diabetes',14561,'Austin','Scott','US',1);
Insert into ADMIN.ZIP_WISE_ACTIVE_CASE (DISEASE_NAME,ZIP_ID,CITY,COUNTY,COUNTRY,CASES) values ('Diabetes',26408,'Austin','Travis','US',2);
Insert into ADMIN.ZIP_WISE_ACTIVE_CASE (DISEASE_NAME,ZIP_ID,CITY,COUNTY,COUNTRY,CASES) values ('Diabetes',26420,'Austin','Travis','US',1);
Insert into ADMIN.ZIP_WISE_ACTIVE_CASE (DISEASE_NAME,ZIP_ID,CITY,COUNTY,COUNTRY,CASES) values ('Diabetes',26436,'Austin','Travis','US',1);
Insert into ADMIN.ZIP_WISE_ACTIVE_CASE (DISEASE_NAME,ZIP_ID,CITY,COUNTY,COUNTRY,CASES) values ('Diabetes',26440,'Austin','Travis','US',1);
Insert into ADMIN.ZIP_WISE_ACTIVE_CASE (DISEASE_NAME,ZIP_ID,CITY,COUNTY,COUNTRY,CASES) values ('Diabetes',31082,'Seattle','King','US',1);
Insert into ADMIN.ZIP_WISE_ACTIVE_CASE (DISEASE_NAME,ZIP_ID,CITY,COUNTY,COUNTRY,CASES) values ('Diabetes',31083,'Seattle','King','US',1);
Insert into ADMIN.ZIP_WISE_ACTIVE_CASE (DISEASE_NAME,ZIP_ID,CITY,COUNTY,COUNTRY,CASES) values ('Diabetes',31090,'Seattle','King','US',1);
Insert into ADMIN.ZIP_WISE_ACTIVE_CASE (DISEASE_NAME,ZIP_ID,CITY,COUNTY,COUNTRY,CASES) values ('Diabetes',31097,'Seattle','King','US',1);
Insert into ADMIN.ZIP_WISE_ACTIVE_CASE (DISEASE_NAME,ZIP_ID,CITY,COUNTY,COUNTRY,CASES) values ('Diabetes',31098,'Seattle','King','US',1);
Insert into ADMIN.ZIP_WISE_ACTIVE_CASE (DISEASE_NAME,ZIP_ID,CITY,COUNTY,COUNTRY,CASES) values ('Heart attack',307,'Boston','Suffolk','US',1);
Insert into ADMIN.ZIP_WISE_ACTIVE_CASE (DISEASE_NAME,ZIP_ID,CITY,COUNTY,COUNTRY,CASES) values ('Heart attack',360,'Boston','Suffolk','US',1);
Insert into ADMIN.ZIP_WISE_ACTIVE_CASE (DISEASE_NAME,ZIP_ID,CITY,COUNTY,COUNTRY,CASES) values ('Heart attack',2321,'New york','New York','US',1);
Insert into ADMIN.ZIP_WISE_ACTIVE_CASE (DISEASE_NAME,ZIP_ID,CITY,COUNTY,COUNTRY,CASES) values ('Heart attack',2325,'New york','New York','US',1);
Insert into ADMIN.ZIP_WISE_ACTIVE_CASE (DISEASE_NAME,ZIP_ID,CITY,COUNTY,COUNTRY,CASES) values ('Heart attack',2337,'New york','New York','US',1);
Insert into ADMIN.ZIP_WISE_ACTIVE_CASE (DISEASE_NAME,ZIP_ID,CITY,COUNTY,COUNTRY,CASES) values ('Heart attack',2339,'New york','New York','US',1);
Insert into ADMIN.ZIP_WISE_ACTIVE_CASE (DISEASE_NAME,ZIP_ID,CITY,COUNTY,COUNTRY,CASES) values ('Heart attack',2342,'New york','New York','US',1);
Insert into ADMIN.ZIP_WISE_ACTIVE_CASE (DISEASE_NAME,ZIP_ID,CITY,COUNTY,COUNTRY,CASES) values ('Heart attack',2350,'New york','New York','US',1);
Insert into ADMIN.ZIP_WISE_ACTIVE_CASE (DISEASE_NAME,ZIP_ID,CITY,COUNTY,COUNTRY,CASES) values ('Heart attack',4646,'Austin','Potter','US',1);
Insert into ADMIN.ZIP_WISE_ACTIVE_CASE (DISEASE_NAME,ZIP_ID,CITY,COUNTY,COUNTRY,CASES) values ('Heart attack',8223,'Charlotte','Mecklenburg','US',2);
Insert into ADMIN.ZIP_WISE_ACTIVE_CASE (DISEASE_NAME,ZIP_ID,CITY,COUNTY,COUNTRY,CASES) values ('Heart attack',8227,'Charlotte','Mecklenburg','US',1);
Insert into ADMIN.ZIP_WISE_ACTIVE_CASE (DISEASE_NAME,ZIP_ID,CITY,COUNTY,COUNTRY,CASES) values ('Heart attack',26402,'Austin','Travis','US',1);
Insert into ADMIN.ZIP_WISE_ACTIVE_CASE (DISEASE_NAME,ZIP_ID,CITY,COUNTY,COUNTRY,CASES) values ('Heart attack',26405,'Austin','Travis','US',1);
Insert into ADMIN.ZIP_WISE_ACTIVE_CASE (DISEASE_NAME,ZIP_ID,CITY,COUNTY,COUNTRY,CASES) values ('Heart attack',26414,'Austin','Travis','US',1);
Insert into ADMIN.ZIP_WISE_ACTIVE_CASE (DISEASE_NAME,ZIP_ID,CITY,COUNTY,COUNTRY,CASES) values ('Heart attack',26425,'Austin','Travis','US',1);
Insert into ADMIN.ZIP_WISE_ACTIVE_CASE (DISEASE_NAME,ZIP_ID,CITY,COUNTY,COUNTRY,CASES) values ('Heart attack',31085,'Seattle','King','US',1);
Insert into ADMIN.ZIP_WISE_ACTIVE_CASE (DISEASE_NAME,ZIP_ID,CITY,COUNTY,COUNTRY,CASES) values ('Heart attack',31095,'Seattle','King','US',1);
Insert into ADMIN.ZIP_WISE_ACTIVE_CASE (DISEASE_NAME,ZIP_ID,CITY,COUNTY,COUNTRY,CASES) values ('Heart attack',31098,'Seattle','King','US',1);
Insert into ADMIN.ZIP_WISE_ACTIVE_CASE (DISEASE_NAME,ZIP_ID,CITY,COUNTY,COUNTRY,CASES) values ('Heart attack',31103,'Seattle','King','US',1);
Insert into ADMIN.ZIP_WISE_ACTIVE_CASE (DISEASE_NAME,ZIP_ID,CITY,COUNTY,COUNTRY,CASES) values ('Hemophilia',313,'Boston','Suffolk','US',1);
Insert into ADMIN.ZIP_WISE_ACTIVE_CASE (DISEASE_NAME,ZIP_ID,CITY,COUNTY,COUNTRY,CASES) values ('Hemophilia',2299,'New york','New York','US',2);
Insert into ADMIN.ZIP_WISE_ACTIVE_CASE (DISEASE_NAME,ZIP_ID,CITY,COUNTY,COUNTRY,CASES) values ('Hemophilia',2300,'New york','New York','US',1);
Insert into ADMIN.ZIP_WISE_ACTIVE_CASE (DISEASE_NAME,ZIP_ID,CITY,COUNTY,COUNTRY,CASES) values ('Hemophilia',2301,'New york','New York','US',1);
Insert into ADMIN.ZIP_WISE_ACTIVE_CASE (DISEASE_NAME,ZIP_ID,CITY,COUNTY,COUNTRY,CASES) values ('Hemophilia',2311,'New york','New York','US',1);
Insert into ADMIN.ZIP_WISE_ACTIVE_CASE (DISEASE_NAME,ZIP_ID,CITY,COUNTY,COUNTRY,CASES) values ('Hemophilia',2323,'New york','New York','US',1);
Insert into ADMIN.ZIP_WISE_ACTIVE_CASE (DISEASE_NAME,ZIP_ID,CITY,COUNTY,COUNTRY,CASES) values ('Hemophilia',2354,'New york','New York','US',1);
Insert into ADMIN.ZIP_WISE_ACTIVE_CASE (DISEASE_NAME,ZIP_ID,CITY,COUNTY,COUNTRY,CASES) values ('Hemophilia',3997,'Boston','Allegheny','US',1);
Insert into ADMIN.ZIP_WISE_ACTIVE_CASE (DISEASE_NAME,ZIP_ID,CITY,COUNTY,COUNTRY,CASES) values ('Hemophilia',8226,'Charlotte','Mecklenburg','US',1);
Insert into ADMIN.ZIP_WISE_ACTIVE_CASE (DISEASE_NAME,ZIP_ID,CITY,COUNTY,COUNTRY,CASES) values ('Hemophilia',8237,'Charlotte','Mecklenburg','US',2);
Insert into ADMIN.ZIP_WISE_ACTIVE_CASE (DISEASE_NAME,ZIP_ID,CITY,COUNTY,COUNTRY,CASES) values ('Hemophilia',23837,'Austin','Lonoke','US',1);
Insert into ADMIN.ZIP_WISE_ACTIVE_CASE (DISEASE_NAME,ZIP_ID,CITY,COUNTY,COUNTRY,CASES) values ('Hemophilia',24091,'Charlotte','Independence','US',1);
Insert into ADMIN.ZIP_WISE_ACTIVE_CASE (DISEASE_NAME,ZIP_ID,CITY,COUNTY,COUNTRY,CASES) values ('Hemophilia',26405,'Austin','Travis','US',1);
Insert into ADMIN.ZIP_WISE_ACTIVE_CASE (DISEASE_NAME,ZIP_ID,CITY,COUNTY,COUNTRY,CASES) values ('Hemophilia',26434,'Austin','Travis','US',1);
Insert into ADMIN.ZIP_WISE_ACTIVE_CASE (DISEASE_NAME,ZIP_ID,CITY,COUNTY,COUNTRY,CASES) values ('Hemophilia',26439,'Austin','Travis','US',1);
Insert into ADMIN.ZIP_WISE_ACTIVE_CASE (DISEASE_NAME,ZIP_ID,CITY,COUNTY,COUNTRY,CASES) values ('Hemophilia',31096,'Seattle','King','US',2);
Insert into ADMIN.ZIP_WISE_ACTIVE_CASE (DISEASE_NAME,ZIP_ID,CITY,COUNTY,COUNTRY,CASES) values ('Hemophilia',31102,'Seattle','King','US',1);
Insert into ADMIN.ZIP_WISE_ACTIVE_CASE (DISEASE_NAME,ZIP_ID,CITY,COUNTY,COUNTRY,CASES) values ('Hemophilia',31108,'Seattle','King','US',1);
Insert into ADMIN.ZIP_WISE_ACTIVE_CASE (DISEASE_NAME,ZIP_ID,CITY,COUNTY,COUNTRY,CASES) values ('Hemophilia',31112,'Seattle','King','US',1);
Insert into ADMIN.ZIP_WISE_ACTIVE_CASE (DISEASE_NAME,ZIP_ID,CITY,COUNTY,COUNTRY,CASES) values ('High blood Pressure',310,'Boston','Suffolk','US',1);
Insert into ADMIN.ZIP_WISE_ACTIVE_CASE (DISEASE_NAME,ZIP_ID,CITY,COUNTY,COUNTRY,CASES) values ('High blood Pressure',311,'Boston','Suffolk','US',1);
Insert into ADMIN.ZIP_WISE_ACTIVE_CASE (DISEASE_NAME,ZIP_ID,CITY,COUNTY,COUNTRY,CASES) values ('High blood Pressure',358,'Boston','Suffolk','US',1);
Insert into ADMIN.ZIP_WISE_ACTIVE_CASE (DISEASE_NAME,ZIP_ID,CITY,COUNTY,COUNTRY,CASES) values ('High blood Pressure',2300,'New york','New York','US',1);
Insert into ADMIN.ZIP_WISE_ACTIVE_CASE (DISEASE_NAME,ZIP_ID,CITY,COUNTY,COUNTRY,CASES) values ('High blood Pressure',2302,'New york','New York','US',1);
Insert into ADMIN.ZIP_WISE_ACTIVE_CASE (DISEASE_NAME,ZIP_ID,CITY,COUNTY,COUNTRY,CASES) values ('High blood Pressure',2321,'New york','New York','US',1);
Insert into ADMIN.ZIP_WISE_ACTIVE_CASE (DISEASE_NAME,ZIP_ID,CITY,COUNTY,COUNTRY,CASES) values ('High blood Pressure',2357,'New york','New York','US',1);
Insert into ADMIN.ZIP_WISE_ACTIVE_CASE (DISEASE_NAME,ZIP_ID,CITY,COUNTY,COUNTRY,CASES) values ('High blood Pressure',2358,'New york','New York','US',1);
Insert into ADMIN.ZIP_WISE_ACTIVE_CASE (DISEASE_NAME,ZIP_ID,CITY,COUNTY,COUNTRY,CASES) values ('High blood Pressure',8218,'Charlotte','Mecklenburg','US',1);
Insert into ADMIN.ZIP_WISE_ACTIVE_CASE (DISEASE_NAME,ZIP_ID,CITY,COUNTY,COUNTRY,CASES) values ('High blood Pressure',8223,'Charlotte','Mecklenburg','US',1);
Insert into ADMIN.ZIP_WISE_ACTIVE_CASE (DISEASE_NAME,ZIP_ID,CITY,COUNTY,COUNTRY,CASES) values ('High blood Pressure',8225,'Charlotte','Mecklenburg','US',1);
Insert into ADMIN.ZIP_WISE_ACTIVE_CASE (DISEASE_NAME,ZIP_ID,CITY,COUNTY,COUNTRY,CASES) values ('High blood Pressure',8227,'Charlotte','Mecklenburg','US',1);
Insert into ADMIN.ZIP_WISE_ACTIVE_CASE (DISEASE_NAME,ZIP_ID,CITY,COUNTY,COUNTRY,CASES) values ('High blood Pressure',8231,'Charlotte','Mecklenburg','US',1);
Insert into ADMIN.ZIP_WISE_ACTIVE_CASE (DISEASE_NAME,ZIP_ID,CITY,COUNTY,COUNTRY,CASES) values ('High blood Pressure',8233,'Charlotte','Mecklenburg','US',1);
Insert into ADMIN.ZIP_WISE_ACTIVE_CASE (DISEASE_NAME,ZIP_ID,CITY,COUNTY,COUNTRY,CASES) values ('High blood Pressure',25196,'Boston','Bowie','US',1);
Insert into ADMIN.ZIP_WISE_ACTIVE_CASE (DISEASE_NAME,ZIP_ID,CITY,COUNTY,COUNTRY,CASES) values ('High blood Pressure',26403,'Austin','Travis','US',1);
Insert into ADMIN.ZIP_WISE_ACTIVE_CASE (DISEASE_NAME,ZIP_ID,CITY,COUNTY,COUNTRY,CASES) values ('High blood Pressure',26406,'Austin','Williamson','US',1);
Insert into ADMIN.ZIP_WISE_ACTIVE_CASE (DISEASE_NAME,ZIP_ID,CITY,COUNTY,COUNTRY,CASES) values ('High blood Pressure',26433,'Austin','Travis','US',1);
Insert into ADMIN.ZIP_WISE_ACTIVE_CASE (DISEASE_NAME,ZIP_ID,CITY,COUNTY,COUNTRY,CASES) values ('High blood Pressure',26440,'Austin','Travis','US',1);
Insert into ADMIN.ZIP_WISE_ACTIVE_CASE (DISEASE_NAME,ZIP_ID,CITY,COUNTY,COUNTRY,CASES) values ('High blood Pressure',27225,'Austin','Delta','US',1);
Insert into ADMIN.ZIP_WISE_ACTIVE_CASE (DISEASE_NAME,ZIP_ID,CITY,COUNTY,COUNTRY,CASES) values ('High blood Pressure',31085,'Seattle','King','US',1);
Insert into ADMIN.ZIP_WISE_ACTIVE_CASE (DISEASE_NAME,ZIP_ID,CITY,COUNTY,COUNTRY,CASES) values ('High blood Pressure',31093,'Seattle','King','US',1);
Insert into ADMIN.ZIP_WISE_ACTIVE_CASE (DISEASE_NAME,ZIP_ID,CITY,COUNTY,COUNTRY,CASES) values ('Kidney Stone',309,'Boston','Suffolk','US',1);
Insert into ADMIN.ZIP_WISE_ACTIVE_CASE (DISEASE_NAME,ZIP_ID,CITY,COUNTY,COUNTRY,CASES) values ('Kidney Stone',360,'Boston','Suffolk','US',1);
Insert into ADMIN.ZIP_WISE_ACTIVE_CASE (DISEASE_NAME,ZIP_ID,CITY,COUNTY,COUNTRY,CASES) values ('Kidney Stone',2294,'New york','New York','US',1);
Insert into ADMIN.ZIP_WISE_ACTIVE_CASE (DISEASE_NAME,ZIP_ID,CITY,COUNTY,COUNTRY,CASES) values ('Kidney Stone',2305,'New york','New York','US',1);
Insert into ADMIN.ZIP_WISE_ACTIVE_CASE (DISEASE_NAME,ZIP_ID,CITY,COUNTY,COUNTRY,CASES) values ('Kidney Stone',2325,'New york','New York','US',1);
Insert into ADMIN.ZIP_WISE_ACTIVE_CASE (DISEASE_NAME,ZIP_ID,CITY,COUNTY,COUNTRY,CASES) values ('Kidney Stone',2326,'New york','New York','US',1);
Insert into ADMIN.ZIP_WISE_ACTIVE_CASE (DISEASE_NAME,ZIP_ID,CITY,COUNTY,COUNTRY,CASES) values ('Kidney Stone',2342,'New york','New York','US',1);
Insert into ADMIN.ZIP_WISE_ACTIVE_CASE (DISEASE_NAME,ZIP_ID,CITY,COUNTY,COUNTRY,CASES) values ('Kidney Stone',2344,'New york','New York','US',1);
Insert into ADMIN.ZIP_WISE_ACTIVE_CASE (DISEASE_NAME,ZIP_ID,CITY,COUNTY,COUNTRY,CASES) values ('Kidney Stone',2352,'New york','New York','US',1);
Insert into ADMIN.ZIP_WISE_ACTIVE_CASE (DISEASE_NAME,ZIP_ID,CITY,COUNTY,COUNTRY,CASES) values ('Kidney Stone',2358,'New york','New York','US',1);
Insert into ADMIN.ZIP_WISE_ACTIVE_CASE (DISEASE_NAME,ZIP_ID,CITY,COUNTY,COUNTRY,CASES) values ('Kidney Stone',8216,'Charlotte','Mecklenburg','US',1);
Insert into ADMIN.ZIP_WISE_ACTIVE_CASE (DISEASE_NAME,ZIP_ID,CITY,COUNTY,COUNTRY,CASES) values ('Kidney Stone',14561,'Austin','Scott','US',1);
Insert into ADMIN.ZIP_WISE_ACTIVE_CASE (DISEASE_NAME,ZIP_ID,CITY,COUNTY,COUNTRY,CASES) values ('Kidney Stone',25196,'Boston','Bowie','US',1);
Insert into ADMIN.ZIP_WISE_ACTIVE_CASE (DISEASE_NAME,ZIP_ID,CITY,COUNTY,COUNTRY,CASES) values ('Kidney Stone',26406,'Austin','Williamson','US',1);
Insert into ADMIN.ZIP_WISE_ACTIVE_CASE (DISEASE_NAME,ZIP_ID,CITY,COUNTY,COUNTRY,CASES) values ('Kidney Stone',26408,'Austin','Travis','US',1);
Insert into ADMIN.ZIP_WISE_ACTIVE_CASE (DISEASE_NAME,ZIP_ID,CITY,COUNTY,COUNTRY,CASES) values ('Kidney Stone',28792,'Austin','Lander','US',1);
Insert into ADMIN.ZIP_WISE_ACTIVE_CASE (DISEASE_NAME,ZIP_ID,CITY,COUNTY,COUNTRY,CASES) values ('Kidney Stone',31085,'Seattle','King','US',1);
Insert into ADMIN.ZIP_WISE_ACTIVE_CASE (DISEASE_NAME,ZIP_ID,CITY,COUNTY,COUNTRY,CASES) values ('Kidney Stone',31088,'Seattle','King','US',2);
Insert into ADMIN.ZIP_WISE_ACTIVE_CASE (DISEASE_NAME,ZIP_ID,CITY,COUNTY,COUNTRY,CASES) values ('Kidney Stone',31094,'Seattle','King','US',1);
Insert into ADMIN.ZIP_WISE_ACTIVE_CASE (DISEASE_NAME,ZIP_ID,CITY,COUNTY,COUNTRY,CASES) values ('Kidney Stone',31102,'Seattle','King','US',1);
Insert into ADMIN.ZIP_WISE_ACTIVE_CASE (DISEASE_NAME,ZIP_ID,CITY,COUNTY,COUNTRY,CASES) values ('Meningitis',2308,'New york','New York','US',1);
Insert into ADMIN.ZIP_WISE_ACTIVE_CASE (DISEASE_NAME,ZIP_ID,CITY,COUNTY,COUNTRY,CASES) values ('Meningitis',2318,'New york','New York','US',1);
Insert into ADMIN.ZIP_WISE_ACTIVE_CASE (DISEASE_NAME,ZIP_ID,CITY,COUNTY,COUNTRY,CASES) values ('Meningitis',2320,'New york','New York','US',1);
Insert into ADMIN.ZIP_WISE_ACTIVE_CASE (DISEASE_NAME,ZIP_ID,CITY,COUNTY,COUNTRY,CASES) values ('Meningitis',2349,'New york','New York','US',1);
Insert into ADMIN.ZIP_WISE_ACTIVE_CASE (DISEASE_NAME,ZIP_ID,CITY,COUNTY,COUNTRY,CASES) values ('Meningitis',2354,'New york','New York','US',1);
Insert into ADMIN.ZIP_WISE_ACTIVE_CASE (DISEASE_NAME,ZIP_ID,CITY,COUNTY,COUNTRY,CASES) values ('Meningitis',8215,'Charlotte','Mecklenburg','US',1);
Insert into ADMIN.ZIP_WISE_ACTIVE_CASE (DISEASE_NAME,ZIP_ID,CITY,COUNTY,COUNTRY,CASES) values ('Meningitis',8218,'Charlotte','Mecklenburg','US',1);
Insert into ADMIN.ZIP_WISE_ACTIVE_CASE (DISEASE_NAME,ZIP_ID,CITY,COUNTY,COUNTRY,CASES) values ('Meningitis',8225,'Charlotte','Mecklenburg','US',2);
Insert into ADMIN.ZIP_WISE_ACTIVE_CASE (DISEASE_NAME,ZIP_ID,CITY,COUNTY,COUNTRY,CASES) values ('Meningitis',8237,'Charlotte','Mecklenburg','US',1);
Insert into ADMIN.ZIP_WISE_ACTIVE_CASE (DISEASE_NAME,ZIP_ID,CITY,COUNTY,COUNTRY,CASES) values ('Meningitis',15307,'Charlotte','Eaton','US',1);
Insert into ADMIN.ZIP_WISE_ACTIVE_CASE (DISEASE_NAME,ZIP_ID,CITY,COUNTY,COUNTRY,CASES) values ('Meningitis',26093,'Charlotte','Atascosa','US',1);
Insert into ADMIN.ZIP_WISE_ACTIVE_CASE (DISEASE_NAME,ZIP_ID,CITY,COUNTY,COUNTRY,CASES) values ('Meningitis',26402,'Austin','Travis','US',1);
Insert into ADMIN.ZIP_WISE_ACTIVE_CASE (DISEASE_NAME,ZIP_ID,CITY,COUNTY,COUNTRY,CASES) values ('Meningitis',26416,'Austin','Williamson','US',1);
Insert into ADMIN.ZIP_WISE_ACTIVE_CASE (DISEASE_NAME,ZIP_ID,CITY,COUNTY,COUNTRY,CASES) values ('Meningitis',27225,'Austin','Delta','US',1);
Insert into ADMIN.ZIP_WISE_ACTIVE_CASE (DISEASE_NAME,ZIP_ID,CITY,COUNTY,COUNTRY,CASES) values ('Meningitis',31086,'Seattle','King','US',1);
Insert into ADMIN.ZIP_WISE_ACTIVE_CASE (DISEASE_NAME,ZIP_ID,CITY,COUNTY,COUNTRY,CASES) values ('Meningitis',31094,'Seattle','King','US',1);
Insert into ADMIN.ZIP_WISE_ACTIVE_CASE (DISEASE_NAME,ZIP_ID,CITY,COUNTY,COUNTRY,CASES) values ('Meningitis',31101,'Seattle','King','US',1);
Insert into ADMIN.ZIP_WISE_ACTIVE_CASE (DISEASE_NAME,ZIP_ID,CITY,COUNTY,COUNTRY,CASES) values ('Meningitis',31108,'Seattle','King','US',1);
Insert into ADMIN.ZIP_WISE_ACTIVE_CASE (DISEASE_NAME,ZIP_ID,CITY,COUNTY,COUNTRY,CASES) values ('Migraine',310,'Boston','Suffolk','US',1);
Insert into ADMIN.ZIP_WISE_ACTIVE_CASE (DISEASE_NAME,ZIP_ID,CITY,COUNTY,COUNTRY,CASES) values ('Migraine',357,'Boston','Suffolk','US',1);
Insert into ADMIN.ZIP_WISE_ACTIVE_CASE (DISEASE_NAME,ZIP_ID,CITY,COUNTY,COUNTRY,CASES) values ('Migraine',358,'Boston','Suffolk','US',1);
Insert into ADMIN.ZIP_WISE_ACTIVE_CASE (DISEASE_NAME,ZIP_ID,CITY,COUNTY,COUNTRY,CASES) values ('Migraine',1298,'Charlotte','Chittenden','US',1);
Insert into ADMIN.ZIP_WISE_ACTIVE_CASE (DISEASE_NAME,ZIP_ID,CITY,COUNTY,COUNTRY,CASES) values ('Migraine',2305,'New york','New York','US',1);
Insert into ADMIN.ZIP_WISE_ACTIVE_CASE (DISEASE_NAME,ZIP_ID,CITY,COUNTY,COUNTRY,CASES) values ('Migraine',2312,'New york','New York','US',1);
Insert into ADMIN.ZIP_WISE_ACTIVE_CASE (DISEASE_NAME,ZIP_ID,CITY,COUNTY,COUNTRY,CASES) values ('Migraine',2313,'New york','New York','US',1);
Insert into ADMIN.ZIP_WISE_ACTIVE_CASE (DISEASE_NAME,ZIP_ID,CITY,COUNTY,COUNTRY,CASES) values ('Migraine',2314,'New york','New York','US',1);
Insert into ADMIN.ZIP_WISE_ACTIVE_CASE (DISEASE_NAME,ZIP_ID,CITY,COUNTY,COUNTRY,CASES) values ('Migraine',2315,'New york','New York','US',1);
Insert into ADMIN.ZIP_WISE_ACTIVE_CASE (DISEASE_NAME,ZIP_ID,CITY,COUNTY,COUNTRY,CASES) values ('Migraine',2322,'New york','New York','US',1);
Insert into ADMIN.ZIP_WISE_ACTIVE_CASE (DISEASE_NAME,ZIP_ID,CITY,COUNTY,COUNTRY,CASES) values ('Migraine',2325,'New york','New York','US',1);
Insert into ADMIN.ZIP_WISE_ACTIVE_CASE (DISEASE_NAME,ZIP_ID,CITY,COUNTY,COUNTRY,CASES) values ('Migraine',2332,'New york','New York','US',1);
Insert into ADMIN.ZIP_WISE_ACTIVE_CASE (DISEASE_NAME,ZIP_ID,CITY,COUNTY,COUNTRY,CASES) values ('Migraine',2333,'New york','New York','US',2);
Insert into ADMIN.ZIP_WISE_ACTIVE_CASE (DISEASE_NAME,ZIP_ID,CITY,COUNTY,COUNTRY,CASES) values ('Migraine',2335,'New york','New York','US',1);
Insert into ADMIN.ZIP_WISE_ACTIVE_CASE (DISEASE_NAME,ZIP_ID,CITY,COUNTY,COUNTRY,CASES) values ('Migraine',2337,'New york','New York','US',1);
Insert into ADMIN.ZIP_WISE_ACTIVE_CASE (DISEASE_NAME,ZIP_ID,CITY,COUNTY,COUNTRY,CASES) values ('Migraine',2346,'New york','New York','US',1);
Insert into ADMIN.ZIP_WISE_ACTIVE_CASE (DISEASE_NAME,ZIP_ID,CITY,COUNTY,COUNTRY,CASES) values ('Migraine',2347,'New york','New York','US',1);
Insert into ADMIN.ZIP_WISE_ACTIVE_CASE (DISEASE_NAME,ZIP_ID,CITY,COUNTY,COUNTRY,CASES) values ('Migraine',6359,'Boston','Culpeper','US',1);
Insert into ADMIN.ZIP_WISE_ACTIVE_CASE (DISEASE_NAME,ZIP_ID,CITY,COUNTY,COUNTRY,CASES) values ('Migraine',8213,'Charlotte','Mecklenburg','US',1);
Insert into ADMIN.ZIP_WISE_ACTIVE_CASE (DISEASE_NAME,ZIP_ID,CITY,COUNTY,COUNTRY,CASES) values ('Migraine',8234,'Charlotte','Mecklenburg','US',1);
Insert into ADMIN.ZIP_WISE_ACTIVE_CASE (DISEASE_NAME,ZIP_ID,CITY,COUNTY,COUNTRY,CASES) values ('Migraine',16780,'Charlotte','Clinton','US',1);
Insert into ADMIN.ZIP_WISE_ACTIVE_CASE (DISEASE_NAME,ZIP_ID,CITY,COUNTY,COUNTRY,CASES) values ('Migraine',17917,'Austin','Mower','US',1);
Insert into ADMIN.ZIP_WISE_ACTIVE_CASE (DISEASE_NAME,ZIP_ID,CITY,COUNTY,COUNTRY,CASES) values ('Migraine',26417,'Austin','Travis','US',1);
Insert into ADMIN.ZIP_WISE_ACTIVE_CASE (DISEASE_NAME,ZIP_ID,CITY,COUNTY,COUNTRY,CASES) values ('Migraine',26427,'Austin','Travis','US',1);
Insert into ADMIN.ZIP_WISE_ACTIVE_CASE (DISEASE_NAME,ZIP_ID,CITY,COUNTY,COUNTRY,CASES) values ('Migraine',26429,'Austin','Travis','US',1);
Insert into ADMIN.ZIP_WISE_ACTIVE_CASE (DISEASE_NAME,ZIP_ID,CITY,COUNTY,COUNTRY,CASES) values ('Migraine',26430,'Austin','Travis','US',1);
Insert into ADMIN.ZIP_WISE_ACTIVE_CASE (DISEASE_NAME,ZIP_ID,CITY,COUNTY,COUNTRY,CASES) values ('Migraine',26435,'Austin','Travis','US',1);
Insert into ADMIN.ZIP_WISE_ACTIVE_CASE (DISEASE_NAME,ZIP_ID,CITY,COUNTY,COUNTRY,CASES) values ('Migraine',26437,'Austin','Travis','US',1);
Insert into ADMIN.ZIP_WISE_ACTIVE_CASE (DISEASE_NAME,ZIP_ID,CITY,COUNTY,COUNTRY,CASES) values ('Migraine',31106,'Seattle','King','US',1);
Insert into ADMIN.ZIP_WISE_ACTIVE_CASE (DISEASE_NAME,ZIP_ID,CITY,COUNTY,COUNTRY,CASES) values ('Migraine',31108,'Seattle','King','US',1);
Insert into ADMIN.ZIP_WISE_ACTIVE_CASE (DISEASE_NAME,ZIP_ID,CITY,COUNTY,COUNTRY,CASES) values ('Osteoporosis',1298,'Charlotte','Chittenden','US',1);
Insert into ADMIN.ZIP_WISE_ACTIVE_CASE (DISEASE_NAME,ZIP_ID,CITY,COUNTY,COUNTRY,CASES) values ('Osteoporosis',2303,'New york','New York','US',2);
Insert into ADMIN.ZIP_WISE_ACTIVE_CASE (DISEASE_NAME,ZIP_ID,CITY,COUNTY,COUNTRY,CASES) values ('Osteoporosis',2307,'New york','New York','US',2);
Insert into ADMIN.ZIP_WISE_ACTIVE_CASE (DISEASE_NAME,ZIP_ID,CITY,COUNTY,COUNTRY,CASES) values ('Osteoporosis',2314,'New york','New York','US',1);
Insert into ADMIN.ZIP_WISE_ACTIVE_CASE (DISEASE_NAME,ZIP_ID,CITY,COUNTY,COUNTRY,CASES) values ('Osteoporosis',2317,'New york','New York','US',1);
Insert into ADMIN.ZIP_WISE_ACTIVE_CASE (DISEASE_NAME,ZIP_ID,CITY,COUNTY,COUNTRY,CASES) values ('Osteoporosis',2321,'New york','New York','US',1);
Insert into ADMIN.ZIP_WISE_ACTIVE_CASE (DISEASE_NAME,ZIP_ID,CITY,COUNTY,COUNTRY,CASES) values ('Osteoporosis',2340,'New york','New York','US',1);
Insert into ADMIN.ZIP_WISE_ACTIVE_CASE (DISEASE_NAME,ZIP_ID,CITY,COUNTY,COUNTRY,CASES) values ('Osteoporosis',2342,'New york','New York','US',1);
Insert into ADMIN.ZIP_WISE_ACTIVE_CASE (DISEASE_NAME,ZIP_ID,CITY,COUNTY,COUNTRY,CASES) values ('Osteoporosis',2355,'New york','New York','US',1);
Insert into ADMIN.ZIP_WISE_ACTIVE_CASE (DISEASE_NAME,ZIP_ID,CITY,COUNTY,COUNTRY,CASES) values ('Osteoporosis',4646,'Austin','Potter','US',1);
Insert into ADMIN.ZIP_WISE_ACTIVE_CASE (DISEASE_NAME,ZIP_ID,CITY,COUNTY,COUNTRY,CASES) values ('Osteoporosis',8228,'Charlotte','Mecklenburg','US',1);
Insert into ADMIN.ZIP_WISE_ACTIVE_CASE (DISEASE_NAME,ZIP_ID,CITY,COUNTY,COUNTRY,CASES) values ('Osteoporosis',8232,'Charlotte','Mecklenburg','US',1);
Insert into ADMIN.ZIP_WISE_ACTIVE_CASE (DISEASE_NAME,ZIP_ID,CITY,COUNTY,COUNTRY,CASES) values ('Osteoporosis',8236,'Charlotte','Mecklenburg','US',1);
Insert into ADMIN.ZIP_WISE_ACTIVE_CASE (DISEASE_NAME,ZIP_ID,CITY,COUNTY,COUNTRY,CASES) values ('Osteoporosis',15307,'Charlotte','Eaton','US',1);
Insert into ADMIN.ZIP_WISE_ACTIVE_CASE (DISEASE_NAME,ZIP_ID,CITY,COUNTY,COUNTRY,CASES) values ('Osteoporosis',16780,'Charlotte','Clinton','US',1);
Insert into ADMIN.ZIP_WISE_ACTIVE_CASE (DISEASE_NAME,ZIP_ID,CITY,COUNTY,COUNTRY,CASES) values ('Osteoporosis',26406,'Austin','Williamson','US',1);
Insert into ADMIN.ZIP_WISE_ACTIVE_CASE (DISEASE_NAME,ZIP_ID,CITY,COUNTY,COUNTRY,CASES) values ('Osteoporosis',26411,'Austin','Travis','US',1);
Insert into ADMIN.ZIP_WISE_ACTIVE_CASE (DISEASE_NAME,ZIP_ID,CITY,COUNTY,COUNTRY,CASES) values ('Osteoporosis',26418,'Austin','Travis','US',2);
Insert into ADMIN.ZIP_WISE_ACTIVE_CASE (DISEASE_NAME,ZIP_ID,CITY,COUNTY,COUNTRY,CASES) values ('Osteoporosis',26419,'Austin','Travis','US',1);
Insert into ADMIN.ZIP_WISE_ACTIVE_CASE (DISEASE_NAME,ZIP_ID,CITY,COUNTY,COUNTRY,CASES) values ('Osteoporosis',26429,'Austin','Travis','US',1);
Insert into ADMIN.ZIP_WISE_ACTIVE_CASE (DISEASE_NAME,ZIP_ID,CITY,COUNTY,COUNTRY,CASES) values ('Osteoporosis',26442,'Austin','Travis','US',1);
Insert into ADMIN.ZIP_WISE_ACTIVE_CASE (DISEASE_NAME,ZIP_ID,CITY,COUNTY,COUNTRY,CASES) values ('Osteoporosis',26443,'Austin','Travis','US',1);
Insert into ADMIN.ZIP_WISE_ACTIVE_CASE (DISEASE_NAME,ZIP_ID,CITY,COUNTY,COUNTRY,CASES) values ('Osteoporosis',28792,'Austin','Lander','US',1);
Insert into ADMIN.ZIP_WISE_ACTIVE_CASE (DISEASE_NAME,ZIP_ID,CITY,COUNTY,COUNTRY,CASES) values ('Osteoporosis',31084,'Seattle','King','US',1);
Insert into ADMIN.ZIP_WISE_ACTIVE_CASE (DISEASE_NAME,ZIP_ID,CITY,COUNTY,COUNTRY,CASES) values ('Osteoporosis',31095,'Seattle','King','US',1);
Insert into ADMIN.ZIP_WISE_ACTIVE_CASE (DISEASE_NAME,ZIP_ID,CITY,COUNTY,COUNTRY,CASES) values ('Rheumatoid Arthritis',1298,'Charlotte','Chittenden','US',1);
Insert into ADMIN.ZIP_WISE_ACTIVE_CASE (DISEASE_NAME,ZIP_ID,CITY,COUNTY,COUNTRY,CASES) values ('Rheumatoid Arthritis',2313,'New york','New York','US',1);
Insert into ADMIN.ZIP_WISE_ACTIVE_CASE (DISEASE_NAME,ZIP_ID,CITY,COUNTY,COUNTRY,CASES) values ('Rheumatoid Arthritis',2318,'New york','New York','US',1);
Insert into ADMIN.ZIP_WISE_ACTIVE_CASE (DISEASE_NAME,ZIP_ID,CITY,COUNTY,COUNTRY,CASES) values ('Rheumatoid Arthritis',2335,'New york','New York','US',1);
Insert into ADMIN.ZIP_WISE_ACTIVE_CASE (DISEASE_NAME,ZIP_ID,CITY,COUNTY,COUNTRY,CASES) values ('Rheumatoid Arthritis',2337,'New york','New York','US',1);
Insert into ADMIN.ZIP_WISE_ACTIVE_CASE (DISEASE_NAME,ZIP_ID,CITY,COUNTY,COUNTRY,CASES) values ('Rheumatoid Arthritis',2349,'New york','New York','US',1);
Insert into ADMIN.ZIP_WISE_ACTIVE_CASE (DISEASE_NAME,ZIP_ID,CITY,COUNTY,COUNTRY,CASES) values ('Rheumatoid Arthritis',2352,'New york','New York','US',1);
Insert into ADMIN.ZIP_WISE_ACTIVE_CASE (DISEASE_NAME,ZIP_ID,CITY,COUNTY,COUNTRY,CASES) values ('Rheumatoid Arthritis',2358,'New york','New York','US',1);
Insert into ADMIN.ZIP_WISE_ACTIVE_CASE (DISEASE_NAME,ZIP_ID,CITY,COUNTY,COUNTRY,CASES) values ('Rheumatoid Arthritis',3997,'Boston','Allegheny','US',1);
Insert into ADMIN.ZIP_WISE_ACTIVE_CASE (DISEASE_NAME,ZIP_ID,CITY,COUNTY,COUNTRY,CASES) values ('Rheumatoid Arthritis',8236,'Charlotte','Mecklenburg','US',1);
Insert into ADMIN.ZIP_WISE_ACTIVE_CASE (DISEASE_NAME,ZIP_ID,CITY,COUNTY,COUNTRY,CASES) values ('Rheumatoid Arthritis',12825,'Austin','Barren','US',1);
Insert into ADMIN.ZIP_WISE_ACTIVE_CASE (DISEASE_NAME,ZIP_ID,CITY,COUNTY,COUNTRY,CASES) values ('Rheumatoid Arthritis',26408,'Austin','Travis','US',1);
Insert into ADMIN.ZIP_WISE_ACTIVE_CASE (DISEASE_NAME,ZIP_ID,CITY,COUNTY,COUNTRY,CASES) values ('Rheumatoid Arthritis',26418,'Austin','Travis','US',1);
Insert into ADMIN.ZIP_WISE_ACTIVE_CASE (DISEASE_NAME,ZIP_ID,CITY,COUNTY,COUNTRY,CASES) values ('Rheumatoid Arthritis',26428,'Austin','Travis','US',1);
Insert into ADMIN.ZIP_WISE_ACTIVE_CASE (DISEASE_NAME,ZIP_ID,CITY,COUNTY,COUNTRY,CASES) values ('Rheumatoid Arthritis',26442,'Austin','Travis','US',1);
Insert into ADMIN.ZIP_WISE_ACTIVE_CASE (DISEASE_NAME,ZIP_ID,CITY,COUNTY,COUNTRY,CASES) values ('Rheumatoid Arthritis',31092,'Seattle','King','US',1);
Insert into ADMIN.ZIP_WISE_ACTIVE_CASE (DISEASE_NAME,ZIP_ID,CITY,COUNTY,COUNTRY,CASES) values ('Rheumatoid Arthritis',31096,'Seattle','King','US',1);
Insert into ADMIN.ZIP_WISE_ACTIVE_CASE (DISEASE_NAME,ZIP_ID,CITY,COUNTY,COUNTRY,CASES) values ('Rheumatoid Arthritis',31103,'Seattle','King','US',1);
Insert into ADMIN.ZIP_WISE_ACTIVE_CASE (DISEASE_NAME,ZIP_ID,CITY,COUNTY,COUNTRY,CASES) values ('Rheumatoid Arthritis',31108,'Seattle','King','US',1);
Insert into ADMIN.ZIP_WISE_ACTIVE_CASE (DISEASE_NAME,ZIP_ID,CITY,COUNTY,COUNTRY,CASES) values ('Stroke',2299,'New york','New York','US',1);
Insert into ADMIN.ZIP_WISE_ACTIVE_CASE (DISEASE_NAME,ZIP_ID,CITY,COUNTY,COUNTRY,CASES) values ('Stroke',2301,'New york','New York','US',1);
Insert into ADMIN.ZIP_WISE_ACTIVE_CASE (DISEASE_NAME,ZIP_ID,CITY,COUNTY,COUNTRY,CASES) values ('Stroke',2323,'New york','New York','US',1);
Insert into ADMIN.ZIP_WISE_ACTIVE_CASE (DISEASE_NAME,ZIP_ID,CITY,COUNTY,COUNTRY,CASES) values ('Stroke',2358,'New york','New York','US',1);
Insert into ADMIN.ZIP_WISE_ACTIVE_CASE (DISEASE_NAME,ZIP_ID,CITY,COUNTY,COUNTRY,CASES) values ('Stroke',8224,'Charlotte','Mecklenburg','US',2);
Insert into ADMIN.ZIP_WISE_ACTIVE_CASE (DISEASE_NAME,ZIP_ID,CITY,COUNTY,COUNTRY,CASES) values ('Stroke',26401,'Austin','Travis','US',1);
Insert into ADMIN.ZIP_WISE_ACTIVE_CASE (DISEASE_NAME,ZIP_ID,CITY,COUNTY,COUNTRY,CASES) values ('Stroke',26408,'Austin','Travis','US',1);
Insert into ADMIN.ZIP_WISE_ACTIVE_CASE (DISEASE_NAME,ZIP_ID,CITY,COUNTY,COUNTRY,CASES) values ('Stroke',26415,'Austin','Travis','US',1);
Insert into ADMIN.ZIP_WISE_ACTIVE_CASE (DISEASE_NAME,ZIP_ID,CITY,COUNTY,COUNTRY,CASES) values ('Stroke',26426,'Austin','Travis','US',1);
Insert into ADMIN.ZIP_WISE_ACTIVE_CASE (DISEASE_NAME,ZIP_ID,CITY,COUNTY,COUNTRY,CASES) values ('Stroke',26429,'Austin','Travis','US',1);
Insert into ADMIN.ZIP_WISE_ACTIVE_CASE (DISEASE_NAME,ZIP_ID,CITY,COUNTY,COUNTRY,CASES) values ('Stroke',31082,'Seattle','King','US',1);
Insert into ADMIN.ZIP_WISE_ACTIVE_CASE (DISEASE_NAME,ZIP_ID,CITY,COUNTY,COUNTRY,CASES) values ('Stroke',31083,'Seattle','King','US',1);
Insert into ADMIN.ZIP_WISE_ACTIVE_CASE (DISEASE_NAME,ZIP_ID,CITY,COUNTY,COUNTRY,CASES) values ('Stroke',31088,'Seattle','King','US',1);
Insert into ADMIN.ZIP_WISE_ACTIVE_CASE (DISEASE_NAME,ZIP_ID,CITY,COUNTY,COUNTRY,CASES) values ('Thyroid',307,'Boston','Suffolk','US',1);
Insert into ADMIN.ZIP_WISE_ACTIVE_CASE (DISEASE_NAME,ZIP_ID,CITY,COUNTY,COUNTRY,CASES) values ('Thyroid',357,'Boston','Suffolk','US',1);
Insert into ADMIN.ZIP_WISE_ACTIVE_CASE (DISEASE_NAME,ZIP_ID,CITY,COUNTY,COUNTRY,CASES) values ('Thyroid',2320,'New york','New York','US',1);
Insert into ADMIN.ZIP_WISE_ACTIVE_CASE (DISEASE_NAME,ZIP_ID,CITY,COUNTY,COUNTRY,CASES) values ('Thyroid',2334,'New york','New York','US',1);
Insert into ADMIN.ZIP_WISE_ACTIVE_CASE (DISEASE_NAME,ZIP_ID,CITY,COUNTY,COUNTRY,CASES) values ('Thyroid',2335,'New york','New York','US',1);
Insert into ADMIN.ZIP_WISE_ACTIVE_CASE (DISEASE_NAME,ZIP_ID,CITY,COUNTY,COUNTRY,CASES) values ('Thyroid',2344,'New york','New York','US',1);
Insert into ADMIN.ZIP_WISE_ACTIVE_CASE (DISEASE_NAME,ZIP_ID,CITY,COUNTY,COUNTRY,CASES) values ('Thyroid',2349,'New york','New York','US',1);
Insert into ADMIN.ZIP_WISE_ACTIVE_CASE (DISEASE_NAME,ZIP_ID,CITY,COUNTY,COUNTRY,CASES) values ('Thyroid',2359,'New york','New York','US',1);
Insert into ADMIN.ZIP_WISE_ACTIVE_CASE (DISEASE_NAME,ZIP_ID,CITY,COUNTY,COUNTRY,CASES) values ('Thyroid',8235,'Charlotte','Mecklenburg','US',1);
Insert into ADMIN.ZIP_WISE_ACTIVE_CASE (DISEASE_NAME,ZIP_ID,CITY,COUNTY,COUNTRY,CASES) values ('Thyroid',8236,'Charlotte','Mecklenburg','US',1);
Insert into ADMIN.ZIP_WISE_ACTIVE_CASE (DISEASE_NAME,ZIP_ID,CITY,COUNTY,COUNTRY,CASES) values ('Thyroid',9548,'Boston','Thomas','US',1);
Insert into ADMIN.ZIP_WISE_ACTIVE_CASE (DISEASE_NAME,ZIP_ID,CITY,COUNTY,COUNTRY,CASES) values ('Thyroid',11221,'Charlotte','Dickson','US',1);
Insert into ADMIN.ZIP_WISE_ACTIVE_CASE (DISEASE_NAME,ZIP_ID,CITY,COUNTY,COUNTRY,CASES) values ('Thyroid',26093,'Charlotte','Atascosa','US',1);
Insert into ADMIN.ZIP_WISE_ACTIVE_CASE (DISEASE_NAME,ZIP_ID,CITY,COUNTY,COUNTRY,CASES) values ('Thyroid',26411,'Austin','Travis','US',1);
Insert into ADMIN.ZIP_WISE_ACTIVE_CASE (DISEASE_NAME,ZIP_ID,CITY,COUNTY,COUNTRY,CASES) values ('Thyroid',26420,'Austin','Travis','US',2);
Insert into ADMIN.ZIP_WISE_ACTIVE_CASE (DISEASE_NAME,ZIP_ID,CITY,COUNTY,COUNTRY,CASES) values ('Thyroid',26430,'Austin','Travis','US',2);
Insert into ADMIN.ZIP_WISE_ACTIVE_CASE (DISEASE_NAME,ZIP_ID,CITY,COUNTY,COUNTRY,CASES) values ('Thyroid',26436,'Austin','Travis','US',1);
Insert into ADMIN.ZIP_WISE_ACTIVE_CASE (DISEASE_NAME,ZIP_ID,CITY,COUNTY,COUNTRY,CASES) values ('Thyroid',26439,'Austin','Travis','US',1);
Insert into ADMIN.ZIP_WISE_ACTIVE_CASE (DISEASE_NAME,ZIP_ID,CITY,COUNTY,COUNTRY,CASES) values ('Thyroid',31099,'Seattle','King','US',1);
Insert into ADMIN.ZIP_WISE_ACTIVE_CASE (DISEASE_NAME,ZIP_ID,CITY,COUNTY,COUNTRY,CASES) values ('Tuberculosis',312,'Boston','Suffolk','US',1);
Insert into ADMIN.ZIP_WISE_ACTIVE_CASE (DISEASE_NAME,ZIP_ID,CITY,COUNTY,COUNTRY,CASES) values ('Tuberculosis',2303,'New york','New York','US',1);
Insert into ADMIN.ZIP_WISE_ACTIVE_CASE (DISEASE_NAME,ZIP_ID,CITY,COUNTY,COUNTRY,CASES) values ('Tuberculosis',2311,'New york','New York','US',1);
Insert into ADMIN.ZIP_WISE_ACTIVE_CASE (DISEASE_NAME,ZIP_ID,CITY,COUNTY,COUNTRY,CASES) values ('Tuberculosis',2346,'New york','New York','US',1);
Insert into ADMIN.ZIP_WISE_ACTIVE_CASE (DISEASE_NAME,ZIP_ID,CITY,COUNTY,COUNTRY,CASES) values ('Tuberculosis',2354,'New york','New York','US',1);
Insert into ADMIN.ZIP_WISE_ACTIVE_CASE (DISEASE_NAME,ZIP_ID,CITY,COUNTY,COUNTRY,CASES) values ('Tuberculosis',17917,'Austin','Mower','US',1);
Insert into ADMIN.ZIP_WISE_ACTIVE_CASE (DISEASE_NAME,ZIP_ID,CITY,COUNTY,COUNTRY,CASES) values ('Tuberculosis',26404,'Austin','Travis','US',1);
Insert into ADMIN.ZIP_WISE_ACTIVE_CASE (DISEASE_NAME,ZIP_ID,CITY,COUNTY,COUNTRY,CASES) values ('Tuberculosis',26405,'Austin','Travis','US',1);
Insert into ADMIN.ZIP_WISE_ACTIVE_CASE (DISEASE_NAME,ZIP_ID,CITY,COUNTY,COUNTRY,CASES) values ('Tuberculosis',26408,'Austin','Travis','US',1);
Insert into ADMIN.ZIP_WISE_ACTIVE_CASE (DISEASE_NAME,ZIP_ID,CITY,COUNTY,COUNTRY,CASES) values ('Tuberculosis',26414,'Austin','Travis','US',1);
Insert into ADMIN.ZIP_WISE_ACTIVE_CASE (DISEASE_NAME,ZIP_ID,CITY,COUNTY,COUNTRY,CASES) values ('Tuberculosis',26416,'Austin','Williamson','US',1);
Insert into ADMIN.ZIP_WISE_ACTIVE_CASE (DISEASE_NAME,ZIP_ID,CITY,COUNTY,COUNTRY,CASES) values ('Tuberculosis',26425,'Austin','Travis','US',1);
Insert into ADMIN.ZIP_WISE_ACTIVE_CASE (DISEASE_NAME,ZIP_ID,CITY,COUNTY,COUNTRY,CASES) values ('Tuberculosis',27986,'Austin','Sevier','US',1);
Insert into ADMIN.ZIP_WISE_ACTIVE_CASE (DISEASE_NAME,ZIP_ID,CITY,COUNTY,COUNTRY,CASES) values ('Tuberculosis',31090,'Seattle','King','US',1);
Insert into ADMIN.ZIP_WISE_ACTIVE_CASE (DISEASE_NAME,ZIP_ID,CITY,COUNTY,COUNTRY,CASES) values ('Tuberculosis',31092,'Seattle','King','US',1);
Insert into ADMIN.ZIP_WISE_ACTIVE_CASE (DISEASE_NAME,ZIP_ID,CITY,COUNTY,COUNTRY,CASES) values ('Tuberculosis',31102,'Seattle','King','US',1);
Insert into ADMIN.ZIP_WISE_ACTIVE_CASE (DISEASE_NAME,ZIP_ID,CITY,COUNTY,COUNTRY,CASES) values ('Tuberculosis',31103,'Seattle','King','US',1);
